FundType,PooledFundId,AllocationtypeId,ChfId,ChfProjectCode,OrgId,PrjDuration,EndDate,Budget,BenM,BenW,BenB,BenG,GMId,GAMId,GlbPrjStatusId,GlobalUniqueOrgId,DisabilityMarkerId,GenderEqualityMarkerId,GBVMarkerId,GAMRefNumber,PartnerProjectRisk,PartnerRisk,DisabledM,DisabledW,DisabledB,DisabledG,AchM,AchW,AchB,AchG,BenMSplit,BenWSplit,BenBSplit,BenGSplit,BenTotSplit,AchMSplit,AchWSplit,AchBSplit,AchGSplit,AchTotSplit,AchDisabledM,AchDisabledW,AchDisabledB,AchDisabledG,GBVBudget,AchGBVBudget,GBVPeopleTgt,AchGBVPeople,GendEqBudget,AchGendEqBudget,GendEqPeopleTgt,AchGendEqPeople,ProtBudget,AchProtBudget,ProtPeopleTgt,AchProtPeople,RptCode,StartDate,PrjApprDate,CVATotPeople,AchCVATotPeople
1,19,1400,34947,CBPF-SSD-25-R-INGO-34947,3654,"17 Months, 4 Days",7/31/2026 12:00:00 AM,567000.49,3500,5000,2500,4000,,4,77,16575,9,6,2,H5105-3127-5100,Medium,Medium,400,500,200,400,3181,4545,2272,3635,0|1100|1600|800|0,0|1250|2500|1250|0,0|500|1600|400|0,0|800|2600|600|0,0|3650|8300|3050|0,|1000|1454|727|,|1136|2273|1136|,|454|1454|364|,|727|2363|545|,|3317|7544|2772|,364,453,182,364,11340.01,,15000,,0.00,,15000,,11340.01,,15000,,1,2/28/2025 12:00:00 AM,5/5/2025 5:53:45 PM,,
1,19,1400,34949,CBPF-SSD-25-R-INGO-34949,3505,"16 Months, 4 Days",6/30/2026 12:00:00 AM,238000,1974,2226,1316,1484,,4,115,6847,7,5,3,H4746-3686-4075,Medium,Medium,99,111,66,74,0,0,0,0,0|0|1382|592|0,0|0|1558|668|0,0|0|921|395|0,0|0|1039|445|0,0|0|4900|2100|0,||0|0|,||0|0|,||0|0|,||0|0|,||0|0|,0,0,0,0,0.00,,0,,0.00,,0,,0.00,,0,,1,2/27/2025 12:00:00 AM,2/26/2025 3:10:28 PM,2310,
1,19,1400,34955,CBPF-SSD-25-R-INGO-34955,3543,16 Months,6/30/2026 12:00:00 AM,380000,3016,3364,2436,2784,,4,115,6885,9,25,3,H2035-6710-7179,Medium,Medium,347,387,280,320,3900,4351,3151,3598,422|30|1508|1056|0,471|34|1682|1177|0,341|24|1218|853|0,390|28|1392|974|0,1624|116|5800|4060|0,312|39|2184|1365|,348|44|2436|1523|,252|32|1764|1103|,288|36|2016|1258|,1200|151|8400|5249|,237,264,192,219,0.00,,0,,0.00,,0,,0.00,,0,,1,3/1/2025 12:00:00 AM,3/7/2025 10:41:11 PM,,
1,19,1430,35623,CBPF-SSD-25-R-INGO-35623,3528,6 Months,11/30/2025 12:00:00 AM,1000000,9797,16000,20160,21840,,4,113,6870,9,25,3,H5309-4992-6586,Medium,Medium,882,1440,1814,1966,22750,27760,21447,25037,784|3233|2449|3331|0,1280|5280|4002|5438|0,1613|6650|5040|6857|0,1747|7206|5463|7424|0,5424|22369|16954|23050|0,1912|7473|5664|7701|0,2221|9159|6942|9438|0,1716|7076|5363|7292|0,2003|8261|6261|8512|0,7852|31969|24230|32943|0,2039,2498,1930,2253,0.00,0.00,0,0,0.00,0.00,0,0,0.00,0.00,0,0,2,6/1/2025 12:00:00 AM,6/17/2025 1:35:13 PM,480,283
1,19,1430,35626,CBPF-SSD-25-R-INGO-35626,4015,6 Months,11/30/2025 12:00:00 AM,400000,26981,29229,9979,10811,,4,115,7359,8,25,3,H3878-2029-8016,Medium,Medium,4047,4384,1497,1622,8301,8392,10579,5022,0|809|5396|20776|0,0|877|5846|22506|0,0|299|1996|7684|0,0|324|2162|8325|0,0|2309|15400|59291|0,0|4566|918|2817|0,0|5137|52|3203|0,0|6835|190|3554|0,0|2607|63|2352|0,0|19145|1223|11926|0,10,8,0,2,0.00,0.00,0,0,0.00,0.00,0,0,0.00,0.00,22164,0,2,6/1/2025 12:00:00 AM,6/17/2025 1:36:12 PM,,
1,19,1430,35629,CBPF-SSD-25-R-INGO-35629,3474,6 Months,11/30/2025 12:00:00 AM,300000.01,10376,15564,15564,23346,,4,113,6816,9,25,3,H5821-0500-8063,Medium,Medium,10,10,10,10,3205,4697,9720,10596,0|3632|4150|2594|0,0|5447|6226|3891|0,0|5447|6226|3891|0,0|8171|9338|5837|0,0|22697|25940|16213|0,0|1570|641|994|0,0|2302|939|1456|0,0|4763|1944|3013|0,0|5192|2119|3285|0,0|13827|5643|8748|0,2,3,6,6,0.00,0.00,0,0,0.00,0.00,0,0,3000.00,0.00,50,0,2,6/1/2025 12:00:00 AM,7/1/2025 3:00:02 PM,,
1,19,1517,38343,CBPF-SSD-25-R-INGO-38343,3528,7 Months,8/31/2026 12:00:00 AM,209994.78,0,731,1526,1589,,4,77,6870,9,25,3,H5309-4992-6586,Medium,Medium,0,66,137,143,0,2627,1676,1915,0|0|0|0|0,146|175|154|256|0,305|366|320|535|0,318|381|334|556|0,769|922|808|1347|0,0|0|0|0|,525|630|552|920|,335|402|352|587|,383|459|402|671|,1243|1491|1306|2178|,0,45,95,98,0.00,,0,,0.00,,0,,0.00,,0,,1,2/1/2026 12:00:00 AM,2/9/2026 6:14:25 PM,,
1,19,1517,38350,CBPF-SSD-25-R-INGO-38350,3553,6 Months,7/31/2026 12:00:00 AM,350000,5954,10369,11615,12089,,4,77,6895,8,25,3,H8893-9909-4117,Medium,Medium,893,1555,1743,1813,77,444,528,526,2560|0|1072|2322|0,4459|0|1866|4044|0,4995|0|2090|4530|0,5198|0|2176|4715|0,17212|0|7204|15611|0,33||14|30|,191||80|173|,227||95|206|,226||95|205|,677||284|614|,11,67,79,79,0.00,,0,,0.00,,0,,0.00,,0,,1,2/1/2026 12:00:00 AM,2/11/2026 2:23:53 PM,,
1,19,1517,38355,CBPF-SSD-25-R-INGO-38355,3523,9 Months,11/1/2026 12:00:00 AM,331100,7095,10007,4940,5250,,4,77,6865,9,25,3,H9782-4521-7951,Medium,Medium,100,179,50,54,1581,2522,1827,1963,710|0|0|6385|0,1001|0|0|9006|0,494|0|0|4446|0,525|0|0|4725|0,2730|0|0|24562|0,0|||1581|,0|||2522|,0|||1827|,0|||1963|,0|||7893|,0,0,0,0,0.00,,0,,0.00,,0,,0.00,,0,,1,2/2/2026 12:00:00 AM,2/9/2026 6:17:47 PM,,
1,19,1517,38369,CBPF-SSD-25-R-INGO-38369,3654,12 Months,2/1/2027 12:00:00 AM,488567.6,5633,6638,6633,6288,,4,77,16575,8,6,2,H9809-3388-5304,Medium,Medium,432,505,491,483,0,0,0,0,4238|0|0|1395|0,4780|0|0|1858|0,4774|0|0|1859|0,4538|0|0|1750|0,18330|0|0|6862|0,0|||0|,0|||0|,0|||0|,0|||0|,0|||0|,0,0,0,0,4885.68,,25200,,0.00,,0,,4885.68,,25200,,1,2/2/2026 12:00:00 AM,2/9/2026 6:00:11 PM,,
1,19,1517,38374,CBPF-SSD-25-R-INGO-38374,3594,8 Months,9/30/2026 12:00:00 AM,367192.77,6008,10249,9191,9897,,4,77,15845,8,6,2,H8477-5373-5892,Medium,Medium,781,1332,1195,1286,6117,16364,12711,14480,1442|0|60|4506|0,2460|0|102|7687|0,2206|0|92|6893|0,2375|0|100|7422|0,8483|0|354|26508|0,1468||61|4588|,3927||164|12273|,3051||127|9533|,3475||145|10860|,11921||497|37254|,673,1800,1398,1593,0.00,,0,,0.00,,0,,0.00,,0,,1,2/1/2026 12:00:00 AM,2/5/2026 1:28:54 PM,,
1,19,1517,38385,CBPF-SSD-25-R-INGO-38385,3505,12 Months,2/1/2027 12:00:00 AM,300000.18,3478,3922,5217,5883,,4,77,6847,9,25,3,H4746-3686-4075,Medium,Medium,174,196,261,294,,,,,1598|0|959|639|282,1802|0|1081|721|318,2397|0|1438|959|423,2703|0|1622|1081|477,8500|0|5100|3400|1500,,,,,,,,,,0.00,,0,,0.00,,0,,0.00,,0,,,2/2/2026 12:00:00 AM,2/9/2026 6:19:17 PM,,
1,19,1520,38554,CBPF-SSD-25-R-INGO-38554,3505,6 Months,7/25/2026 12:00:00 AM,331527.75,2927,3148,4389,4466,,4,77,6847,9,25,3,H4746-3686-4075,Medium,Medium,81,99,121,147,1662,2590,3603,3593,2634|0|0|293|0,2834|0|0|314|0,3951|0|0|438|0,4019|0|0|447|0,13438|0|0|1492|0,1613|||49|,2519|||71|,3448|||155|,3473|||120|,11053|||395|,103,96,117,109,0.00,,0,,0.00,,0,,0.00,,448,,1,1/26/2026 12:00:00 AM,1/30/2026 9:43:30 PM,3000,
1,19,1520,38563,CBPF-SSD-25-R-INGO-38563,4015,6 Months,7/31/2026 12:00:00 AM,594780,3104,3792,3319,4060,,4,77,7359,8,25,2,H3878-2029-8016,Medium,Medium,500,400,250,250,1062,819,119,210,2483|0|0|621|0,3034|0|0|758|0,2655|0|0|664|0,3248|0|0|812|0,11420|0|0|2855|0,1002|||60|,699|||120|,100|||19|,170|||40|,1971|||239|,4,5,1,3,209362.56,,5074,,0.00,,0,,396718.26,,8722,,1,2/1/2026 12:00:00 AM,2/10/2026 1:41:46 PM,680,
1,19,1520,38576,CBPF-SSD-25-R-INGO-38576,3550,6 Months,8/1/2026 12:00:00 AM,401314.69,29,31,1583,1865,,4,77,6892,9,25,3,H3963-2107-8676,Medium,Medium,0,0,112,132,29,31,655,973,15|0|0|14|0,21|0|0|10|0,1459|0|0|124|0,1683|0|0|182|0,3178|0|0|330|0,15|||14|,21|||10|,655|||0|,973|||0|,1664|||24|,0,0,46,68,0.00,,0,,0.00,,0,,0.00,,324,,1,2/2/2026 12:00:00 AM,2/9/2026 6:20:25 PM,,
1,19,1400,34943,CBPF-SSD-25-R-NGO-34943,3610,"14 Months, 7 Days",4/30/2026 12:00:00 AM,339000,1456,4528,3397,6793,,4,115,6952,8,6,2,H3605-1839-8342,High,High,218,679,510,1019,1614,4681,5130,7840,0|0|1019|437|0,0|0|3170|1358|0,0|0|2378|1019|0,0|0|4755|2038|0,0|0|11322|4852|0,||1102|512|,||3280|1401|,||4029|1101|,||5120|2720|,||13531|5734|,775,567,883,1106,0.00,,0,,0.00,,0,,0.00,,0,,1,2/24/2025 12:00:00 AM,2/27/2025 5:43:10 PM,4404,
1,19,1400,34944,CBPF-SSD-25-R-NGO-34944,11112,"14 Months, 6 Days",4/30/2026 12:00:00 AM,239990.3,300,1900,700,1100,,4,115,16036,9,25,2,H4592-8645-7556,Medium,Medium,10,30,5,20,199,789,270,633,0|0|200|100|0,0|0|1100|800|0,0|0|500|200|0,0|0|700|400|0,0|0|2500|1500|0,||130|69|,||448|341|,||167|103|,||313|320|,||1058|833|,8,9,2,7,0.00,,0,,0.00,,0,,239990.30,,4000,,1,2/25/2025 12:00:00 AM,2/27/2025 5:44:10 PM,150,
1,19,1400,34946,CBPF-SSD-25-R-NGO-34946,4023,"13 Months, 28 Days",4/30/2026 12:00:00 AM,359999.96,2200,2400,2600,2800,,4,115,7367,8,25,3,H8681-1857-6059,Medium,Medium,220,240,260,280,1089,1314,912,965,0|0|1716|440|44,0|0|1872|480|48,0|0|2028|520|52,0|0|2184|560|56,0|0|7800|2000|200,||849|218|22,||1025|263|26,||711|183|18,||753|193|19,||3338|857|85,94,103,111,120,0.00,,0,,0.00,,0,,0.00,,10000,,1,3/3/2025 12:00:00 AM,2/26/2025 3:09:26 PM,,
1,19,1400,34950,CBPF-SSD-25-R-NGO-34950,3728,"14 Months, 7 Days",4/30/2026 12:00:00 AM,320000,1000,3000,2500,2500,,4,115,7070,9,25,3,H3054-8321-2415,Medium,Medium,100,300,250,250,2254,3879,1043,1640,0|0|600|400|0,0|0|2000|1000|0,0|0|1700|800|0,0|0|1700|800|0,0|0|6000|3000|0,||269|1985|,||353|3526|,||273|770|,||332|1308|,||1227|7589|,43,26,23,21,0.00,,0,,0.00,,0,,0.00,,0,,1,2/24/2025 12:00:00 AM,2/26/2025 3:11:25 PM,,
1,19,1400,35132,CBPF-SSD-25-R-NGO-35132,4043,"12 Months, 21 Days",4/30/2026 12:00:00 AM,329999.98,1000,1000,2000,2000,,4,113,7593,9,25,2,H9752-2347-0537,High,High,50,50,100,100,2352,2657,1787,1630,0|0|800|200|0,0|0|800|200|0,0|0|1200|800|0,0|0|1200|800|0,0|0|4000|2000|0,0|0|1665|687|0,0|0|1750|907|0,0|0|989|798|0,0|0|987|643|0,0|0|5391|3035|0,10,5,0,0,128699.99,128699.99,310,310,0.00,0.00,0,0,329999.98,329999.98,6000,8426,2,4/10/2025 12:00:00 AM,5/5/2025 1:39:10 PM,1800,4143
1,19,1430,35617,CBPF-SSD-25-R-NGO-35617,3562,6 Months,11/30/2025 12:00:00 AM,150000.3,10377,22049,12971,19454,,4,113,6904,8,25,2,H8010-1956-3025,Medium,Medium,25,30,32,10,18824,22221,23997,26408,2075|1038|4150|3114|0,4410|2205|8820|6614|0,2594|1298|5188|3891|0,3891|1945|7782|5836|0,12970|6486|25940|19455|0,3388|1882|7906|5648|0,4000|2222|9333|6666|0,4319|2400|10079|7199|0,4754|2641|11091|7922|0,16461|9145|38409|27435|0,27,31,30,13,0.00,0.00,0,0,0.00,0.00,0,0,0.00,0.00,0,0,2,6/1/2025 12:00:00 AM,5/29/2025 12:37:53 PM,,
1,19,1430,35620,CBPF-SSD-25-R-NGO-35620,3597,6 Months,11/30/2025 12:00:00 AM,200000,324,1106,816,1754,,4,113,6939,8,6,2,H6507-1747-2081,High,Medium,2,20,5,13,388,3740,1870,2704,65|97|97|65|0,221|332|332|221|0,163|245|245|163|0,351|526|526|351|0,800|1200|1200|800|0,78|116|116|78|0,748|1122|1122|748|0,374|561|561|374|0,540|812|812|540|0,1740|2611|2611|1740|0,8,71,48,33,100000.00,100000.00,2120,4722,0.00,0.00,2000,0,200000.00,200000.00,4000,8702,2,6/1/2025 12:00:00 AM,5/29/2025 12:36:54 PM,200,400
1,19,1430,35622,CBPF-SSD-25-R-NGO-35622,3655,6 Months,11/30/2025 12:00:00 AM,266666.98,6928,9482,10196,10092,,4,113,6997,9,25,3,H7779-4093-3193,High,Medium,1039,1422,1530,1514,12387,14800,8413,7467,0|1248|4710|970|0,0|1708|6448|1326|0,0|1836|7132|1228|0,0|1816|6862|1414|0,0|6608|25152|4938|0,0|2477|7680|2230|0,0|2960|9177|2663|0,0|1683|5216|1514|0,0|1493|4630|1344|0,0|8613|26703|7751|0,478,549,421,440,0.00,0.00,0,0,0.00,0.00,0,0,0.00,0.00,200,0,2,6/1/2025 12:00:00 AM,6/4/2025 3:39:11 PM,,
1,19,1449,36010,CBPF-SSD-25-R-NGO-36010,3738,3 Months,9/16/2025 12:00:00 AM,150000,13415,22359,24146,29514,,4,113,7080,8,25,3,H6545-7032-2699,Medium,Medium,671,1118,1207,1476,23972,21399,26176,25048,6439|1610|2683|2683|0,10732|2683|4472|4472|0,11591|2898|4829|4828|0,14166|3542|5903|5903|0,42928|10733|17887|17886|0,2314|6118|7154|8378|8,1325|6100|6820|7144|10,1432|7110|8400|9220|14,1511|7022|7175|9331|9,6582|26350|29549|34073|41,0,0,0,0,0.00,0.00,0,0,0.00,0.00,0,0,0.00,0.00,0,0,2,6/17/2025 12:00:00 AM,6/24/2025 9:06:36 PM,,
1,19,1449,36012,CBPF-SSD-25-R-NGO-36012,3604,3 Months,9/15/2025 12:00:00 AM,249731.58,44876,56096,60584,62827,,4,113,6946,9,25,3,H6963-8881-6021,Medium,Medium,0,0,0,0,41221,77627,31367,36478,26925|0|0|17901|50,33657|0|0|22389|50,36350|0|0|24184|50,37696|0|0|25081|50,134628|0|0|89555|200,24733|0|0|16488|0,46576|0|0|31051|0,18820|0|0|12547|0,21880|0|0|14598|0,112009|0|0|74684|0,21,11,18,14,0.00,0.00,0,0,0.00,0.00,0,0,0.00,0.00,0,0,2,6/16/2025 12:00:00 AM,6/24/2025 9:07:31 PM,,
1,19,1517,38321,CBPF-SSD-25-R-NGO-38321,3604,9 Months,10/25/2026 12:00:00 AM,626499.45,13754,15129,19255,20631,,4,77,6946,9,25,3,H1451-5486-9438,Medium,Medium,100,100,100,100,4429,4917,6298,6705,8940|0|688|4126|0,9834|0|756|4539|0,12516|0|962|5777|0,13410|0|1032|6189|0,44700|0|3438|20631|0,2905||223|1301|,3196||246|1475|,4068||313|1917|,4358||335|2012|,14527||1117|6705|,28,17,6,8,0.00,,0,,0.00,,0,,0.00,,0,,1,1/26/2026 12:00:00 AM,1/29/2026 8:55:45 PM,,
1,19,1517,38327,CBPF-SSD-25-R-NGO-38327,3670,6 Months,7/25/2026 12:00:00 AM,134400,2481,2583,1585,1651,,4,77,7012,9,25,3,H7718-3821-0267,Medium,Medium,415,432,265,276,1524,1140,987,1905,620|0|0|1861|0,646|0|0|1937|0,395|0|0|1190|0,413|0|0|1238|0,2074|0|0|6226|0,562|||962|,300|||840|,478|||509|,802|||1103|,2142|||3414|,81,60,10,101,0.00,,0,,0.00,,0,,0.00,,200,,1,1/26/2026 12:00:00 AM,2/5/2026 1:23:48 PM,,
1,19,1517,38331,CBPF-SSD-25-R-NGO-38331,3655,12 Months,1/25/2027 12:00:00 AM,210000,6654,7207,4434,4805,,4,77,6997,8,6,2,H7779-4093-3193,High,Medium,998,1081,665,721,,,,,2500|0|1996|2158|0,3200|0|2161|1846|0,1650|0|1330|1454|0,1800|0|1442|1563|0,9150|0|6929|7021|0,,,,,,,,,,0.00,,0,,0.00,,0,,0.00,,0,,,1/26/2026 12:00:00 AM,1/29/2026 8:59:33 PM,,
1,19,1517,38332,CBPF-SSD-25-R-NGO-38332,3750,6 Months,7/31/2026 12:00:00 AM,129000.1,1430,1955,2185,2430,,4,77,7092,8,5,3,H2844-1861-8570,High,High,420,350,230,200,1411,1752,1847,2058,550|105|350|380|45,900|110|450|445|50,1000|130|550|455|50,1050|155|650|520|55,3500|500|2000|1800|200,547|103|344|375|42,755|87|431|442|37,908|98|433|363|45,964|112|528|410|44,3174|400|1736|1590|168,379,195,197,184,0.00,,0,,0.00,,0,,0.00,,0,,1,2/1/2026 12:00:00 AM,2/5/2026 1:35:09 PM,,
1,19,1517,38334,CBPF-SSD-25-R-NGO-38334,11112,9 Months,11/1/2026 12:00:00 AM,404654.74,15112,30021,16405,20280,,4,77,16036,8,6,2,H3981-7564-2904,Medium,Medium,1510,3000,1640,2020,270,197,0,0,7556|0|3256|4300|0,15010|0|5011|10000|0,8203|0|3201|5001|0,10140|0|4060|6080|0,40909|0|15528|25381|0,123||36|111|,69||58|70|,0||0|0|,0||0|0|,192||94|181|,17,24,0,0,0.00,,2000,,0.00,,0,,0.00,,2000,,1,2/2/2026 12:00:00 AM,2/5/2026 1:26:06 PM,,
1,19,1517,38339,CBPF-SSD-25-R-NGO-38339,3738,12 Months,1/25/2027 12:00:00 AM,576800,5498,9164,9896,12096,,1,77,7080,8,25,3,H3177-5809-2417,Medium,Medium,260,233,466,571,1378,2297,2480,3031,2474|0|1100|1924|0,4124|0|1833|3207|0,4453|0|1979|3464|0,5443|0|2419|4234|0,16494|0|7331|12829|0,620||276|482|,1034||459|804|,1116||496|868|,1364||606|1061|,4134||1837|3215|,71,56,108,102,0.00,,0,,0.00,,0,,0.00,,0,,1,1/26/2026 12:00:00 AM,1/29/2026 8:51:33 PM,,
1,19,1517,38341,CBPF-SSD-25-R-NGO-38341,3738,12 Months,2/1/2027 12:00:00 AM,861720,5955,9924,10714,13098,,2,77,7080,9,25,3,H3177-5809-2417,Medium,Medium,370,616,666,813,,,,,2679|0|1190|2086|0,4465|0|1985|3474|0,4823|0|2140|3751|0,5894|0|2620|4584|0,17861|0|7935|13895|0,,,,,,,,,,0.00,,0,,0.00,,0,,0.00,,0,,,2/2/2026 12:00:00 AM,2/5/2026 1:37:44 PM,,
1,19,1517,38357,CBPF-SSD-25-R-NGO-38357,3574,6 Months 1 Days,7/22/2026 12:00:00 AM,140000,1517,6923,3183,3762,,3,77,6916,8,6,2,H3302-7745-7772,High,High,228,1039,477,564,804,3658,1737,2135,338|0|215|846|118,1523|0|969|3808|623,711|0|452|1777|243,812|0|517|2131|302,3384|0|2153|8562|1286,242||116|394|52,840||391|2222|205,363||310|960|104,492||186|1345|112,1937||1003|4921|473,15,21,9,17,0.00,,0,,0.00,,0,,0.00,,0,,1,1/22/2026 12:00:00 AM,2/5/2026 1:30:09 PM,,
1,19,1517,38359,CBPF-SSD-25-R-NGO-38359,11079,9 Months,11/1/2026 12:00:00 AM,191565.4,7938,9073,9827,10962,,4,77,15982,9,25,3,H5157-6487-1235,High,High,122,105,140,153,210,420,0,0,2381|0|397|4366|794,2722|0|454|4990|907,2948|0|491|5405|983,3289|0|548|6029|1096,11340|0|1890|20790|3780,77||26|93|14,147||53|189|31,0||0|0|0,0||0|0|0,224||79|282|45,8,14,0,0,0.00,,0,,0.00,,0,,0.00,,0,,1,2/2/2026 12:00:00 AM,1/29/2026 8:52:50 PM,,
1,19,1517,38361,CBPF-SSD-25-R-NGO-38361,11327,12 Months,1/31/2027 12:00:00 AM,269610,6901,7593,9663,10353,,4,77,16311,9,25,3,H5467-5484-6629,High,High,1085,1199,1598,1827,6369,7006,8919,9566,1380|0|1035|4486|0,1518|0|1139|4936|0,1933|0|1450|6280|0,2071|0|1553|6729|0,6902|0|5177|22431|0,1274||955|4140|,1401||1051|4554|,1784||1338|5797|,1922||1433|6211|,6381||4777|20702|,998,1103,1470,1681,0.00,,0,,0.00,,0,,0.00,,0,,1,2/1/2026 12:00:00 AM,2/5/2026 1:38:59 PM,,
1,19,1517,38372,CBPF-SSD-25-R-NGO-38372,4023,12 Months,1/25/2027 12:00:00 AM,437499.14,1332,3423,7024,7221,,4,77,7367,8,6,2,H5919-0796-6716,Medium,Medium,61,158,323,333,,,,,306|106|173|716|31,787|274|445|1838|79,1616|562|913|3772|161,1661|578|939|3877|166,4370|1520|2470|10203|437,,,,,,,,,,0.00,,0,,0.00,,0,,437499.14,,8750,,,1/26/2026 12:00:00 AM,1/29/2026 9:00:42 PM,,
1,19,1517,38392,CBPF-SSD-25-R-NGO-38392,11356,9 Months,10/31/2026 12:00:00 AM,490995,16059,25159,12692,14912,,4,77,16370,9,25,3,H9965-0843-1982,High,High,1208,2560,958,1165,,,,,8831|0|4700|2528|0,13931|0|7359|3869|0,7215|0|3703|1774|0,8326|0|4358|2228|0,38303|0|20120|10399|0,,,,,,,,,,0.00,,0,,0.00,,0,,0.00,,0,,,2/1/2026 12:00:00 AM,2/5/2026 1:33:58 PM,,
1,19,1517,38397,CBPF-SSD-25-R-NGO-38397,11099,7 Months,9/1/2026 12:00:00 AM,96000,1003,1121,1829,1947,,4,77,16025,9,25,3,H9723-4496-0060,High,High,19,21,23,27,1224,1369,2231,2376,261|0|70|672|0,291|0|79|751|0,476|0|128|1225|0,506|0|136|1305|0,1534|0|413|3953|0,318||86|820|,356||96|917|,580||156|1495|,618||166|1592|,1872||504|4824|,8,9,16,17,0.00,,0,,0.00,,0,,0.00,,0,,1,2/2/2026 12:00:00 AM,2/5/2026 1:25:03 PM,,
1,19,1517,38403,CBPF-SSD-25-R-NGO-38403,4023,12 Months,1/25/2027 12:00:00 AM,438599.68,10972,13925,7175,10128,,4,77,7367,9,25,3,H5988-7467-2299,Medium,Medium,500,350,100,100,,,,,4389|0|2194|3840|549,5570|0|2785|4874|696,2870|0|1435|2511|359,4051|0|2026|3545|506,16880|0|8440|14770|2110,,,,,,,,,,0.00,,0,,0.00,,0,,0.00,,0,,,1/26/2026 12:00:00 AM,1/29/2026 9:01:50 PM,,
1,19,1517,38404,CBPF-SSD-25-R-NGO-38404,11112,9 Months,11/1/2026 12:00:00 AM,284716.03,10024,12041,9633,8429,,4,77,16036,9,6,3,H2302-3043-2894,Medium,Medium,818,982,785,687,762,1062,1372,1443,4004|0|0|6020|0,4816|0|0|7225|0,3853|0|0|5780|0,3372|0|0|5057|0,16045|0|0|24082|0,302|||460|,479|||583|,644|||728|,579|||864|,2004|||2635|,45,27,29,31,0.00,,0,,0.00,,6000,,0.00,,4000,,1,2/2/2026 12:00:00 AM,2/5/2026 1:32:29 PM,,
1,19,1517,38411,CBPF-SSD-25-R-NGO-38411,3552,9 Months,10/31/2026 12:00:00 AM,272000,4300,10350,4350,7200,,4,77,6894,8,25,3,H5493-5244-2552,Medium,Medium,645,1553,653,1080,1698,4407,1750,3389,1000|0|600|2700|0,2800|0|1800|5750|0,1100|0|1250|2000|0,2400|0|800|4000|0,7300|0|4450|14450|0,657||297|744|,1545||660|2202|,567||353|830|,1380||275|1734|,4149||1585|5510|,0,0,0,0,0.00,,0,,0.00,,0,,0.00,,0,,1,2/1/2026 12:00:00 AM,1/30/2026 9:45:22 PM,,
1,19,1520,38532,CBPF-SSD-25-R-NGO-38532,3982,6 Months,7/9/2026 12:00:00 AM,320260,2085,4758,2733,3881,,4,115,7324,9,25,3,H6913-5756-8413,High,High,80,200,100,215,2085,4758,2733,3881,1655|0|0|430|0,3800|0|0|958|0,2300|0|0|433|0,3011|0|0|870|0,10766|0|0|2691|0,1655|||430|,3800|||958|,2300|||433|,3011|||870|,10766|||2691|,80,200,100,215,0.00,,0,,0.00,,0,,0.00,,0,,1,1/10/2026 12:00:00 AM,1/29/2026 8:58:21 PM,883,
1,19,1520,38535,CBPF-SSD-25-R-NGO-38535,3690,6 Months,7/11/2026 12:00:00 AM,311635.79,2417,2671,3561,4070,,4,115,7032,8,25,3,H6170-4118-7524,Medium,Medium,0,0,0,0,1915,2117,2821,3226,1692|0|0|725|0,1870|0|0|801|0,2493|0|0|1068|0,2849|0|0|1221|0,8904|0|0|3815|0,1340|||575|,1482|||635|,1975|||846|,2258|||968|,7055|||3024|,287,318,423,483,0.00,,0,,0.00,,0,,15581.79,,890,,1,1/12/2026 12:00:00 AM,1/19/2026 4:29:31 PM,,
1,19,1520,38542,CBPF-SSD-25-R-NGO-38542,3636,6 Months,7/11/2026 12:00:00 AM,322599,3686,5530,1581,2370,,4,115,6978,9,25,4,H8752-8885-6324,High,High,100,260,98,200,3653,5751,1571,2192,2580|0|0|1106|0,3871|0|0|1659|0,1106|0|0|475|0,1659|0|0|711|0,9216|0|0|3951|0,2517|||1136|,4311|||1440|,1091|||480|,1473|||719|,9392|||3775|,37,81,65,108,0.00,,0,,0.00,,0,,0.00,,0,,1,1/12/2026 12:00:00 AM,1/19/2026 4:27:34 PM,,
1,19,1520,38556,CBPF-SSD-25-R-NGO-38556,3655,6 Months,7/2/2026 12:00:00 AM,215119,3698,4304,2919,2868,,4,115,6997,8,6,2,H7779-4093-3193,High,Medium,132,199,144,215,1936,2395,2160,1774,2448|0|0|1250|0,3228|0|0|1076|0,1968|0|0|951|0,1734|0|0|1134|0,9378|0|0|4411|0,1393|||543|,1605|||790|,1759|||401|,1313|||461|,6070|||2195|,21,28,13,24,0.00,,0,,0.00,,0,,0.00,,0,,1,1/3/2026 12:00:00 AM,1/20/2026 2:50:15 PM,,
1,19,1520,38571,CBPF-SSD-25-R-NGO-38571,3685,6 Months,7/31/2026 12:00:00 AM,299914.58,100,1120,1099,1189,,4,77,7027,9,25,3,H1146-9099-0401,High,High,0,38,100,150,684,5375,6397,7229,80|0|0|20|0,820|0|0|300|0,772|0|0|327|0,836|0|0|353|0,2508|0|0|1000|0,410|||274|,3225|||2150|,3838|||2559|,4337|||2892|,11810|||7875|,0,2,1,3,0.00,,0,,0.00,,0,,0.00,,0,,1,2/1/2026 12:00:00 AM,1/30/2026 9:44:27 PM,,
1,19,1520,38575,CBPF-SSD-25-R-NGO-38575,11326,6 Months,7/25/2026 12:00:00 AM,285465.3,525,2472,800,1800,,4,77,16312,9,6,2,H1013-5767-5641,Medium,Medium,20,20,15,15,31,469,828,1236,525|0|0|0|0,2472|0|0|0|0,800|0|0|0|0,1800|0|0|0|0,5597|0|0|0|0,31||||,469||||,828||||,1236||||,2564||||,13,12,10,9,0.00,,0,,0.00,,0,,285465.30,,5597,,1,1/26/2026 12:00:00 AM,2/5/2026 1:27:17 PM,500,
1,19,1520,38583,CBPF-SSD-25-R-NGO-38583,11100,6 Months,7/10/2026 12:00:00 AM,73983.01,231,500,210,510,,3,115,16027,8,6,2,H1227-9100-4668,High,High,4,8,4,8,111,259,104,258,210|0|0|21|0,460|0|0|40|0,180|0|0|30|0,470|0|0|40|0,1320|0|0|131|0,100|||11|,230|||29|,87|||17|,230|||28|,647|||85|,3,2,1,1,0.00,,711,,0.00,,0,,73983.01,,1451,,1,1/11/2026 12:00:00 AM,1/19/2026 4:23:15 PM,,
1,19,1400,34954,CBPF-SSD-25-R-UN-34954,3464,14 Months,4/30/2026 12:00:00 AM,226000,3182,3658,3448,3962,,4,115,6806,9,25,3,H7899-0711-4361,Medium,Medium,287,320,310,350,1602,1736,1840,1994,0|0|2864|318|0,0|0|3292|366|0,0|0|3103|345|0,0|0|3566|396|0,0|0|12825|1425|0,||1432|170|,||1555|181|,||1667|173|,||1792|202|,||6446|726|,143,165,155,175,0.00,,0,,0.00,,0,,0.00,,0,,1,3/1/2025 12:00:00 AM,3/12/2025 10:27:50 PM,,
1,19,1430,35612,CBPF-SSD-25-R-UN-35612,3464,6 Months,11/21/2025 12:00:00 AM,433333,16058,17408,18621,19913,,4,115,6806,9,25,2,H5703-1471-0457,Medium,Medium,160,174,186,199,16195,17556,18816,20062,1606|1672|11241|1539|0,1741|1813|12185|1669|0,1862|1946|13035|1778|0,1991|2070|13939|1913|0,7200|7501|50400|6899|0,1116|1009|12937|1133|0,1210|1095|14023|1228|0,1299|1191|15006|1320|0,1381|1240|16039|1402|0,5006|4535|58005|5083|0,81,88,0,101,0.00,0.00,0,0,0.00,0.00,0,0,0.00,0.00,0,0,2,5/22/2025 12:00:00 AM,6/24/2025 9:05:37 PM,,
1,19,1430,35628,CBPF-SSD-25-R-UN-35628,3461,6 Months,11/17/2025 12:00:00 AM,250000,27649,141590,9801,20960,,4,115,6803,9,25,3,H3768-8304-3817,Medium,Low,3052,15631,1082,2314,27649,141590,9801,20960,2488|5530|11060|8571|0,12743|28318|56636|43893|0,882|1960|3921|3038|0,1886|4192|8384|6498|0,17999|40000|80001|62000|0,2488|5530|11060|8571|0,12743|28318|56636|43893|0,882|1960|3921|3038|0,1886|4192|8384|6498|0,17999|40000|80001|62000|0,3052,15631,1082,2314,0.00,0.00,0,0,0.00,0.00,0,0,0.00,0.00,0,0,2,5/18/2025 12:00:00 AM,6/5/2025 7:11:15 PM,,
1,19,1449,36004,CBPF-SSD-25-R-UN-36004,3464,6 Months,12/28/2025 12:00:00 AM,2000000,41108,49614,42137,50876,,4,115,6806,9,25,3,H6117-2588-1999,Medium,Medium,0,0,0,0,57483,62423,64986,70220,41108|0|0|0|0,49614|0|0|0|0,42137|0|0|0|0,50876|0|0|0|0,183735|0|0|0|0,57483|0|0|0|0,62423|0|0|0|0,64986|0|0|0|0,70220|0|0|0|0,255112|0|0|0|0,574,623,626,530,0.00,0.00,0,0,0.00,0.00,0,0,0.00,0.00,0,0,2,6/29/2025 12:00:00 AM,6/27/2025 12:58:24 AM,,
1,19,1449,36050,CBPF-SSD-25-R-UN-36050,3461,3 Months,9/15/2025 12:00:00 AM,399998.51,74664,71736,78336,75264,,2,115,6803,9,25,3,H1059-1685-1033,Medium,Low,11200,10760,11750,11290,74664,71736,78336,75264,44798|5973|11200|12693|0,43042|5739|10760|12195|0,47002|6267|11750|13317|0,45158|6021|11290|12795|0,180000|24000|45000|51000|0,44798|5973|11200|12693|0,43042|5739|10760|12195|0,47002|6267|11750|13317|0,45158|6021|11290|12795|0,180000|24000|45000|51000|0,11200,10760,11790,11290,0.00,0.00,0,0,0.00,0.00,0,0,0.00,0.00,0,0,2,6/16/2025 12:00:00 AM,6/26/2025 11:47:33 AM,,
1,19,1517,38329,CBPF-SSD-25-R-UN-38329,3464,12 Months,1/25/2027 12:00:00 AM,959999.85,21144,22904,24303,26329,,2,77,6806,9,25,3,H6559-7971-5228,Medium,Medium,211,229,242,263,,,,,16914|0|2115|2115|0,18322|0|2291|2291|0,19445|0|2429|2429|0,21067|0|2631|2631|0,75748|0|9466|9466|0,,,,,,,,,,0.00,,0,,0.00,,0,,0.00,,0,,,1/26/2026 12:00:00 AM,1/29/2026 8:54:23 PM,,
1,19,1517,38337,CBPF-SSD-25-R-UN-38337,3461,6 Months,8/1/2026 12:00:00 AM,600000,67824,70599,45220,47069,,4,77,6803,9,25,3,H8013-9318-3260,Medium,Low,10174,10590,6783,7060,27126,28240,18088,18828,30520|3392|6782|27130|0,31770|3530|7060|28239|0,20350|2260|4523|18087|0,21181|2355|4705|18828|0,103821|11537|23070|92284|0,12208|1357|2709|10852|,12708|1412|2824|11296|,8140|904|1809|7235|,8473|942|1882|7531|,41529|4615|9224|36914|,4070,4236,2713,2824,0.00,,0,,0.00,,0,,0.00,,0,,1,2/2/2026 12:00:00 AM,2/5/2026 1:40:06 PM,,
1,19,1517,38405,CBPF-SSD-25-R-UN-38405,3462,9 Months,10/31/2026 12:00:00 AM,1620000,117759,196263,39252,39252,,3,77,6804,8,25,3,H5263-8981-8482,Medium,Medium,1178,1963,393,393,,,,,27084|0|41216|31795|17664,45141|0|68692|52991|29439,9028|0|13738|10598|5888,9028|0|13738|10598|5888,90281|0|137384|105982|58879,,,,,,,,,,0.00,,0,,0.00,,0,,0.00,,0,,,2/1/2026 12:00:00 AM,2/13/2026 12:30:43 AM,,
1,19,1517,38557,CBPF-SSD-25-R-UN-38557,3465,6 Months,8/1/2026 12:00:00 AM,897375.49,0,5108,2656,2877,,2,77,6807,9,25,3,H8393-6819-1613,Medium,Medium,0,38,15,20,0,2052,0,0,0|0|0|0|0,0|0|0|5108|0,0|0|0|2656|0,0|0|0|2877|0,0|0|0|10641|0,|||0|,|||2052|,|||0|,|||0|,|||2052|,0,15,0,0,0.00,,0,,0.00,,0,,0.00,,0,,1,2/2/2026 12:00:00 AM,2/10/2026 1:33:31 PM,,
1,19,1520,38582,CBPF-SSD-25-R-UN-38582,3461,6 Months,7/21/2026 12:00:00 AM,191867.96,6876,7156,6735,7297,,2,77,6803,9,25,3,H1059-1685-1033,Medium,Low,1031,1073,1010,1094,2619,3030,2513,3283,4376|0|0|2500|0,4656|0|0|2500|0,4235|0|0|2500|0,4797|0|0|2500|0,18064|0|0|10000|0,1245|||1374|,1416|||1614|,986|||1527|,1516|||1767|,5163|||6282|,239,206,156,186,0.00,,0,,0.00,,0,,0.00,,0,,1,1/22/2026 12:00:00 AM,2/5/2026 1:22:43 PM,,
1,19,1520,38619,CBPF-SSD-25-R-UN-38619,3464,6 Months,7/11/2026 12:00:00 AM,551153,11896,12886,13675,14814,,2,115,6806,9,25,3,H1926-2023-7833,Medium,Medium,1189,1288,1367,1481,5374,4673,4860,4413,9516|0|1190|1190|0,10310|0|1288|1288|0,10939|0|1368|1368|0,11852|0|1481|1481|0,42617|0|5327|5327|0,4298||538|538|,3739||467|467|,3888||486|486|,3531||441|441|,15456||1932|1932|,538,467,486,441,0.00,,0,,0.00,,0,,0.00,,0,,1,1/12/2026 12:00:00 AM,1/19/2026 4:32:28 PM,,
1,19,1517,38672,CBPF-SSD-25-R-UN-38672,3467,"11 Months, 1 Days",12/31/2026 12:00:00 AM,300000.42,17719,55371,8859,28893,,4,77,6809,9,25,3,H4644-8943-0541,Low,Low,1595,4983,797,2591,,,,,12935|0|3544|1240|0,40421|0|11074|3876|0,6467|0|1772|620|0,21019|0|5859|2015|0,80842|0|22249|7751|0,,,,,,,,,,0.00,,0,,0.00,,0,,0.00,,0,,,1/31/2026 12:00:00 AM,2/5/2026 1:31:11 PM,,
1,19,1520,38675,CBPF-SSD-25-R-UN-38675,3467,6 Months,7/15/2026 12:00:00 AM,99999.99,2155,6736,1077,3502,,4,77,6809,9,25,3,H4644-8943-0541,Low,Low,194,606,97,315,797,2492,398,1296,1573|0|431|151|0,4917|0|1347|472|0,787|0|215|75|0,2557|0|700|245|0,9834|0|2693|943|0,582||159|56|,1819||498|175|,291||79|28|,946||259|91|,3638||995|350|,72,224,36,116,0.00,,0,,0.00,,0,,0.00,,0,,1,1/16/2026 12:00:00 AM,1/19/2026 4:33:32 PM,,
1,19,1431,36181,CBPF-SSD-25-S-INGO-36181,3491,12 Months,8/17/2026 12:00:00 AM,610000.18,1448,5038,1281,2037,,4,77,6833,8,25,2,H6028-8282-5087,Medium,Medium,131,318,138,177,1735,3973,1171,2349,483|0|627|338|0,1680|0|2183|1175|0,428|0|555|298|0,679|0|883|475|0,3270|0|4248|2286|0,245||862|628|,1530||1435|1008|,410||348|413|,708||923|718|,2893||3568|2767|,89,105,2,45,144936.04,,906,,0.00,,0,,439200.13,,2743,,1,8/18/2025 12:00:00 AM,9/5/2025 1:47:37 AM,460,
1,19,1431,36190,CBPF-SSD-25-S-INGO-36190,3553,12 Months,8/19/2026 12:00:00 AM,300000,3360,3638,3496,3788,,4,77,6895,9,25,2,H1140-5948-8006,Medium,Medium,554,601,577,625,7787,14614,5246,10158,1428|0|605|1327|0,1546|0|655|1437|0,1486|0|629|1381|0,1610|0|682|1496|0,6070|0|2571|5641|0,1759||327|5701|,3179||815|10620|,1252||347|3647|,3092||1020|6046|,9282||2509|26014|,467,877,315,609,0.00,,0,,0.00,,0,,0.00,,553,,1,8/20/2025 12:00:00 AM,9/5/2025 2:06:10 AM,,
1,19,1431,36215,CBPF-SSD-25-S-INGO-36215,3510,12 Months,9/3/2026 12:00:00 AM,604000,12183,19344,12243,12677,,3,77,6852,9,25,3,H7617-4284-8205,Medium,Medium,2164,3115,2851,2815,13856,15463,19860,20876,2196|0|2195|7792|0,3100|0|3116|13128|0,2111|0|2244|7888|0,2383|0|2396|7898|0,9790|0|9951|36706|0,2243||2171|9442|,2484||2302|10677|,3152||3081|13627|,3247||2993|14636|,11126||10547|48382|,711,795,1130,1070,0.00,,0,,0.00,,0,,0.00,,0,,1,9/4/2025 12:00:00 AM,9/19/2025 12:26:47 AM,,
1,19,1431,36235,CBPF-SSD-25-S-INGO-36235,3514,12 Months,8/14/2026 12:00:00 AM,222000,151,511,181,659,,4,77,6856,10,6,2,H8119-2798-2917,Medium,Medium,23,77,27,99,90,60,0,0,39|0|11|101|0,133|0|36|342|0,47|0|13|121|0,172|0|45|442|0,391|0|105|1006|0,24||7|59|,16||4|40|,0||0|0|,0||0|0|,40||11|99|,6,6,0,0,130980.00,,990,,130980.00,,990,,222000.00,,1502,,1,8/15/2025 12:00:00 AM,9/5/2025 1:46:39 AM,,
1,19,1431,36245,CBPF-SSD-25-S-INGO-36245,3543,"16 Months, 12 Days",12/31/2026 12:00:00 AM,420000,8066,11739,9514,10960,,4,77,6885,9,25,3,H2027-7829-3398,Medium,Medium,602,866,699,805,3782,4955,3474,3964,1855|0|1694|4517|0,2206|0|2712|6821|0,1648|0|2268|5598|0,1888|0|2618|6454|0,7597|0|9292|23390|0,1389||422|1971|,1549||503|2903|,1122||373|1979|,1284||444|2236|,5344||1742|9089|,295,386,271,309,0.00,,0,,0.00,,0,,0.00,,0,,1,8/20/2025 12:00:00 AM,9/5/2025 1:53:02 AM,,
1,19,1431,36316,CBPF-SSD-25-S-INGO-36316,3496,12 Months,8/24/2026 12:00:00 AM,288000,4744,5195,6098,6551,,4,77,6838,9,25,3,H2174-8257-8273,Medium,Medium,237,260,305,328,6850,7503,8806,9460,1423|0|712|2609|0,1559|0|779|2857|0,1830|0|915|3353|0,1965|0|983|3603|0,6777|0|3389|12422|0,2054||1028|3768|,2251||1125|4127|,2641||1321|4844|,2838||1419|5203|,9784||4893|17942|,342,376,440,473,0.00,,0,,0.00,,0,,0.00,,0,,1,8/25/2025 12:00:00 AM,9/16/2025 5:32:30 PM,,
1,19,1431,36331,CBPF-SSD-25-S-INGO-36331,3493,8 Months,4/17/2026 12:00:00 AM,115000,25,25,1744,2629,,4,115,15797,9,25,3,H1965-5207-2180,Medium,Medium,1,2,110,111,63,25,2750,3063,4|0|9|12|0,4|0|9|12|0,291|0|581|872|0,401|0|914|1314|0,700|0|1513|2210|0,13||20|30|,5||10|10|,543||909|1298|,393||1066|1604|,954||2005|2942|,2,2,8,7,0.00,,0,,0.00,,0,,0.00,,4423,,1,8/18/2025 12:00:00 AM,8/21/2025 6:33:36 PM,,
1,19,1431,36361,CBPF-SSD-25-S-INGO-36361,3472,12 Months,8/10/2026 12:00:00 AM,400000,6915,6915,13476,13476,,4,77,6814,9,25,3,H3580-5226-3653,Medium,Medium,530,530,520,520,7027,7059,13993,14021,3560|0|255|3100|0,3560|0|255|3100|0,7200|0|220|6056|0,7200|0|220|6056|0,21520|0|950|18312|0,1632||171|5224|,2598||167|4294|,4881||128|8984|,4586||153|9282|,13697||619|27784|,164,388,362,290,0.00,,0,,0.00,,0,,160000.00,,822,,1,8/11/2025 12:00:00 AM,8/21/2025 6:07:20 PM,150,
1,19,1431,36368,CBPF-SSD-25-S-INGO-36368,3607,9 Months,5/19/2026 12:00:00 AM,288000,11520,7680,11520,17280,,4,115,6949,9,25,2,H3865-1085-7229,Medium,Medium,1728,1152,1728,2592,,,,,4032|0|2304|5184|0,2688|0|1536|3456|0,4032|0|2304|5184|0,6048|0|3456|7776|0,16800|0|9600|21600|0,,,,,,,,,,0.00,,0,,0.00,,0,,0.00,,0,,,8/20/2025 12:00:00 AM,9/5/2025 1:51:05 AM,,
1,19,1431,36387,CBPF-SSD-25-S-INGO-36387,3505,12 Months,8/14/2026 12:00:00 AM,615000.03,7190,8553,8192,10203,,4,77,6847,9,25,3,H4746-3686-4075,Medium,Medium,419,490,402,539,5290,6898,7929,7896,3016|0|2711|1463|0,3740|0|3129|1684|0,3894|0|2879|1419|0,4985|0|3600|1618|0,15635|0|12319|6184|0,1921||2327|1042|,2673||2865|1360|,2752||2178|2999|,2971||2667|2258|,10317||10037|7659|,286,417,307,223,0.00,,0,,0.00,,0,,98400.00,,2800,,1,8/15/2025 12:00:00 AM,9/5/2025 1:54:14 AM,110,
1,19,1431,36480,CBPF-SSD-25-S-INGO-36480,3497,12 Months,8/31/2026 12:00:00 AM,474000,8128,12400,4565,3796,,2,77,6839,9,25,3,H9861-3026-9343,Medium,Medium,406,620,228,190,565,1110,1387,1605,495|0|1200|6433|0,1800|0|1500|9100|0,1450|0|475|2640|0,501|0|490|2805|0,4246|0|3665|20978|0,21||41|503|,5||117|988|,7||133|1247|,0||127|1478|,33||418|4216|,55,54,30,22,0.00,,0,,0.00,,0,,9480.00,,166,,1,9/1/2025 12:00:00 AM,9/16/2025 5:33:06 PM,,
1,19,1431,36530,CBPF-SSD-25-S-INGO-36530,3487,12 Months,8/14/2026 12:00:00 AM,240999.99,201,743,110,395,,4,77,6829,9,25,2,H4577-8485-0626,Medium,Medium,35,107,18,57,71,565,70,125,45|0|31|125|0,225|0|98|420|0,30|0|10|70|0,100|0|68|227|0,400|0|207|842|0,0||0|71|,46||0|519|,0||3|67|,0||2|123|,46||5|780|,11,49,14,9,240999.99,,1350,,0.00,,0,,240999.99,,1449,,1,8/15/2025 12:00:00 AM,9/5/2025 1:58:05 AM,280,
1,19,1431,36627,CBPF-SSD-25-S-INGO-36627,3654,9 Months,5/15/2026 12:00:00 AM,251960.36,2630,3437,1963,2558,,4,77,16575,9,25,2,H4770-2099-8783,Medium,Medium,186,239,53,53,0,0,0,0,2100|0|0|530|0,2877|0|0|560|0,1436|0|0|527|0,2058|0|0|500|0,8471|0|0|2117|0,0|||0|,0|||0|,0|||0|,0|||0|,0|||0|,0,0,0,0,0.00,,10588,,0.00,,0,,0.00,,10588,,1,8/16/2025 12:00:00 AM,9/5/2025 2:04:59 AM,,
1,19,1431,36158,CBPF-SSD-25-S-NGO-36158,11090,12 Months,8/14/2026 12:00:00 AM,284997.62,100,1103,321,385,,4,77,16016,8,25,3,H9283-2036-0362,Medium,Medium,2,40,3,5,120,360,220,300,20|0|10|70|0,222|0|30|851|0,52|0|21|248|0,100|0|20|265|0,394|0|81|1434|0,12||8|100|,164||30|166|,50||12|158|,89||17|194|,315||67|618|,2,12,3,3,0.00,,0,,0.00,,0,,284997.62,,1909,,1,8/15/2025 12:00:00 AM,8/21/2025 6:27:44 PM,485,
1,19,1431,36177,CBPF-SSD-25-S-NGO-36177,3982,9 Months,5/14/2026 12:00:00 AM,210000,2224,2470,1482,2059,,4,113,7324,8,6,2,H4297-7768-6277,High,High,445,494,296,412,1853,1628,1611,1836,1245|0|912|67|0,1383|0|1013|74|0,830|0|608|44|0,1153|0|844|62|0,4611|0|3377|247|0,1793||0|60|,1566||0|62|,1553||0|58|,1781||0|55|,6693||0|235|,628,0,0,0,0.00,,0,,0.00,,0,,0.00,,0,,1,8/15/2025 12:00:00 AM,9/5/2025 2:01:11 AM,4002,
1,19,1431,36185,CBPF-SSD-25-S-NGO-36185,11112,12 Months 13 Days,8/27/2026 12:00:00 AM,1006008.22,15368,18720,15640,17472,,4,77,16036,9,6,2,H7981-1112-5384,Medium,Medium,1597,1940,1624,1812,15228,19119,15427,17349,3456|0|4232|7680|0,4320|0|5040|9360|0,3582|0|4234|7824|0,3994|0|4742|8736|0,15352|0|18248|33600|0,3381||4242|7605|,4221||5043|9855|,3493||4225|7709|,3912||4732|8705|,15007||18242|33874|,1603,1629,1497,1822,156937.28,,3750,,0.00,,9210,,402403.29,,2531,,1,8/15/2025 12:00:00 AM,9/5/2025 1:49:56 AM,650,
1,19,1431,36196,CBPF-SSD-25-S-NGO-36196,3738,12 Months 17 Days,9/6/2026 12:00:00 AM,1014000,5612,9343,10094,12332,,1,77,7080,8,6,2,H3177-5809-2417,Medium,Medium,215,359,288,470,4356,7197,7343,9068,2243|0|1407|1962|0,3737|0|2336|3270|0,4036|0|2526|3532|0,4933|0|3083|4316|0,14949|0|9352|13080|0,1838||1012|1506|,2980||1656|2561|,3218||1859|2266|,3933||2218|2917|,11969||6745|9250|,104,122,89,125,0.00,,0,,0.00,,0,,0.00,,0,,1,8/21/2025 12:00:00 AM,9/5/2025 1:48:49 AM,,
1,19,1431,36197,CBPF-SSD-25-S-NGO-36197,3576,12 Months,8/14/2026 12:00:00 AM,240000,2766,6456,3839,5759,,4,77,6918,8,6,2,H6824-4510-0592,Medium,Medium,415,968,576,864,2396,4055,1106,1658,0|0|0|2766|0,0|0|0|6456|0,0|0|0|3839|0,0|0|0|5759|0,0|0|0|18820|0,|||2396|,|||4055|,|||1106|,|||1658|,|||9215|,0,0,0,0,0.00,,0,,0.00,,0,,0.00,,0,,1,8/15/2025 12:00:00 AM,8/16/2025 11:12:42 PM,,
1,19,1431,36198,CBPF-SSD-25-S-NGO-36198,3738,12 Months 21 Days,9/25/2026 12:00:00 AM,1271000,5184,8640,9331,11405,,2,77,7080,8,5,3,H9974-7871-5430,Medium,Medium,365,609,658,804,3948,6580,7106,8685,2074|0|1296|1814|0,3456|0|2160|3024|0,3732|0|2333|3266|0,4562|0|2851|3992|0,13824|0|8640|12096|0,1777||790|1381|,2961||1316|2303|,3198||1421|2487|,3908||1737|3040|,11844||5264|9211|,216,324,519,452,0.00,,0,,0.00,,0,,0.00,,0,,1,9/5/2025 12:00:00 AM,9/16/2025 5:31:38 PM,,
1,19,1431,36201,CBPF-SSD-25-S-NGO-36201,3728,12 Months,8/14/2026 12:00:00 AM,952799.78,3256,7435,5257,6657,,4,77,7070,9,25,2,H7746-4769-4822,Medium,Medium,310,403,355,401,7814,14484,9765,10874,2097|0|110|1049|0,5065|0|170|2200|0,3098|0|210|1949|0,4385|0|222|2050|0,14645|0|712|7248|0,4845||112|2857|,9044||249|5191|,5960||196|3609|,6772||78|4024|,26621||635|15681|,147,101,93,99,198182.36,,1472,,0.00,,0,,495455.89,,3123,,1,8/15/2025 12:00:00 AM,8/21/2025 6:29:32 PM,300,
1,19,1431,36214,CBPF-SSD-25-S-NGO-36214,11346,6 Months,2/14/2026 12:00:00 AM,140000,1500,2800,680,900,,4,113,16335,8,6,2,H2864-0459-4455,High,Medium,120,373,35,60,1947,1909,2061,2170,1150|0|0|350|0,2300|0|0|500|0,480|0|0|200|0,650|0|0|250|0,4580|0|0|1300|0,1518|0|0|429|0,1488|0|0|421|0,1606|0|0|455|0,1692|0|0|478|0,6304|0|0|1783|0,42,189,81,82,0.00,0.00,0,0,0.00,0.00,0,0,0.00,0.00,0,0,2,8/15/2025 12:00:00 AM,8/16/2025 11:11:43 PM,,
1,19,1431,36232,CBPF-SSD-25-S-NGO-36232,3690,12 Months,8/14/2026 12:00:00 AM,246000,292,376,304,389,,4,77,7032,8,25,3,H6170-4118-7524,Medium,Medium,44,56,46,58,57,62,82,94,82|0|30|180|0,90|0|41|245|0,114|0|27|163|0,122|0|38|229|0,408|0|136|817|0,17||6|34|,19||6|37|,25||8|49|,28||9|57|,89||29|177|,8,9,12,14,0.00,,0,,0.00,,0,,246000.00,,1361,,1,8/15/2025 12:00:00 AM,8/16/2025 11:10:10 PM,50,
1,19,1431,36243,CBPF-SSD-25-S-NGO-36243,3597,6 Months,2/14/2026 12:00:00 AM,136000,160,70,2600,2400,,4,113,6939,8,6,3,H6818-8607-0532,High,Medium,1,0,13,12,1321,1025,3014,4272,112|0|32|16|0,49|0|14|7|0,1820|0|520|260|0,1680|0|480|240|0,3661|0|1046|523|0,925|0|264|132|0,718|0|205|102|0,2110|0|603|301|0,2990|0|854|428|0,6743|0|1926|963|0,16,17,143,172,0.00,0.00,0,0,0.00,0.00,0,1200,13600.00,34000.00,450,2408,2,8/15/2025 12:00:00 AM,9/5/2025 2:08:42 AM,,
1,19,1431,36255,CBPF-SSD-25-S-NGO-36255,11337,10 Months,6/14/2026 12:00:00 AM,209947.38,2201,2398,2103,2122,,4,115,16327,9,25,3,H9042-4773-5865,High,High,653,156,324,834,2102,2608,1950,2312,817|0|797|587|0,935|0|804|659|0,733|0|784|586|0,847|0|734|541|0,3332|0|3119|2373|0,876||632|594|,1134||801|673|,782||581|587|,1023||725|564|,3815||2739|2418|,96,89,186,276,0.00,,0,,0.00,,0,,0.00,,8824,,1,8/15/2025 12:00:00 AM,8/21/2025 6:31:11 PM,,
1,19,1431,36257,CBPF-SSD-25-S-NGO-36257,3562,12 Months,8/14/2026 12:00:00 AM,585000,22352,31412,8770,8180,,1,77,6904,8,6,2,H2849-4466-5444,Medium,Medium,20,30,65,45,16500,15150,3240,4503,9606|0|6030|6716|0,13440|0|8208|9764|0,3602|0|2194|2974|0,3492|0|2040|2648|0,30140|0|18472|22102|0,9532||3511|3457|,5632||4013|5505|,1863||891|486|,1777||1047|1679|,18804||9462|11127|,0,0,0,0,0.00,,0,,0.00,,0,,0.00,,0,,1,8/15/2025 12:00:00 AM,9/5/2025 1:45:28 AM,,
1,19,1431,36266,CBPF-SSD-25-S-NGO-36266,3604,12 Months,8/14/2026 12:00:00 AM,378961.9,5320,6892,5522,5306,,4,77,6946,9,6,3,H3777-7643-3029,Medium,Medium,100,100,100,100,3600,5600,3500,3320,1862|0|266|3192|0,2412|0|345|4135|0,1933|0|276|3313|0,1858|0|265|3183|0,8065|0|1152|13823|0,1260||180|2160|,1960||280|3360|,1225||125|2150|,1162||166|1992|,5607||751|9662|,25,21,21,17,0.00,,0,,0.00,,0,,0.00,,0,,1,8/15/2025 12:00:00 AM,8/14/2025 10:47:48 PM,,
1,19,1431,36268,CBPF-SSD-25-S-NGO-36268,3670,12 Months,8/21/2026 12:00:00 AM,909999.37,16588,19206,24119,22787,,4,77,7012,8,6,2,H5868-8882-1451,Medium,Medium,2520,2160,1080,1440,630,1718,275,216,4479|0|2156|9953|0,5186|0|2496|11524|0,6512|0|3136|14471|0,6152|0|2963|13672|0,22329|0|10751|49620|0,201||0|429|,467||51|1200|,168||0|107|,18||18|180|,854||69|1916|,9,15,53,23,254799.83,,1471,,0.00,,0,,254799.83,,1483,,1,8/22/2025 12:00:00 AM,9/10/2025 1:41:01 AM,400,
1,19,1431,36295,CBPF-SSD-25-S-NGO-36295,11099,9 Months,5/14/2026 12:00:00 AM,222000,1451,1623,2646,2817,,4,115,16025,9,25,3,H1946-2606-2075,High,High,19,21,33,36,1442,1612,2628,2798,377|0|102|972|0,422|0|114|1087|0,688|0|185|1773|0,732|0|197|1888|0,2219|0|598|5720|0,375||101|966|,419||113|1080|,683||184|1761|,727||196|1875|,2204||594|5682|,10,11,17,19,0.00,,0,,0.00,,0,,0.00,,0,,1,8/15/2025 12:00:00 AM,9/5/2025 2:02:35 AM,,
1,19,1431,36298,CBPF-SSD-25-S-NGO-36298,11356,6 Months,2/14/2026 12:00:00 AM,112000,1129,1553,753,1270,,4,113,16370,8,6,2,H1623-3099-6764,High,High,184,217,112,190,1557,1557,794,797,343|0|330|227|229,520|0|518|233|282,235|0|223|142|153,408|0|378|230|254,1506|0|1449|832|918,571|0|430|327|229,524|0|518|233|282,265|0|234|142|153,208|0|278|200|111,1568|0|1460|902|775,184,217,112,190,0.00,0.00,0,0,0.00,0.00,0,0,0.00,0.00,0,0,2,8/15/2025 12:00:00 AM,8/16/2025 11:13:36 PM,,
1,19,1431,36301,CBPF-SSD-25-S-NGO-36301,3750,12 Months,8/24/2026 12:00:00 AM,360000.07,5275,7060,7405,8490,,3,77,7092,8,5,3,H4746-3686-4075,High,High,155,110,100,85,4450,6600,3000,5450,2620|0|1300|870|485,3405|0|1975|1120|560,3300|0|2200|1255|650,3805|0|2425|1455|805,13130|0|7900|4700|2500,2000||1200|800|450,3000||1900|1000|700,1500||800|450|250,2500||1600|750|600,9000||5500|3000|2000,120,90,70,60,0.00,,0,,0.00,,0,,0.00,,0,,1,8/25/2025 12:00:00 AM,9/16/2025 5:29:59 PM,,
1,19,1431,36317,CBPF-SSD-25-S-NGO-36317,11338,12 Months,8/15/2026 12:00:00 AM,333000,256,556,418,770,,4,77,16650,8,25,3,H3400-4877-9132,Medium,Medium,5,121,11,63,292,474,181,284,146|0|10|100|0,256|0|120|180|0,268|0|30|120|0,370|0|100|300|0,1040|0|260|700|0,149||60|83|,266||109|99|,99||44|38|,148||75|61|,662||288|281|,71,55,24,16,0.00,,0,,0.00,,0,,333000.00,,2000,,1,8/16/2025 12:00:00 AM,8/21/2025 6:32:21 PM,40,
1,19,1431,36324,CBPF-SSD-25-S-NGO-36324,3655,12 Months,8/14/2026 12:00:00 AM,252000,3840,5661,2747,3112,,4,77,6997,9,25,3,H7779-4093-3193,High,Medium,7,734,9,266,1796,2816,891,1409,183|0|1097|2560|0,198|0|1189|4274|0,89|0|561|2097|0,83|0|590|2439|0,553|0|3437|11370|0,82||494|1220|,89||535|2192|,40||252|599|,38||265|1106|,249||1546|5117|,5,44,3,16,0.00,,0,,0.00,,0,,0.00,,0,,1,8/15/2025 12:00:00 AM,8/14/2025 10:50:00 PM,,
1,19,1431,36325,CBPF-SSD-25-S-NGO-36325,3610,9 Months,5/14/2026 12:00:00 AM,167999.99,636,1976,1482,2964,,4,115,6952,8,6,2,H3035-6927-5071,High,High,95,295,223,443,923,1616,2154,2425,477|0|96|63|0,1482|0|296|198|0,1112|0|222|148|0,2223|0|444|297|0,5294|0|1058|706|0,692||139|92|,1212||242|162|,1616||323|215|,1819||364|242|,5339||1068|711|,96,255,225,383,0.00,,0,,0.00,,0,,0.00,,0,,1,8/15/2025 12:00:00 AM,8/14/2025 10:48:45 PM,2418,
1,19,1431,36360,CBPF-SSD-25-S-NGO-36360,11079,9 Months,5/14/2026 12:00:00 AM,241000.02,7485,10330,9806,11979,,4,115,15982,9,25,3,H6166-8425-8141,High,High,75,103,99,119,7496,10326,9793,11985,2245|0|747|4267|226,3099|0|1033|5888|310,2940|0|973|5599|294,3596|0|1200|6825|358,11880|0|3953|22579|1188,2244|0|750|4272|230,3102|0|1032|5886|306,2943|0|964|5599|287,3594|0|1203|6828|360,11883|0|3949|22585|1183,84,110,105,123,0.00,0.00,0,0,0.00,0.00,0,0,0.00,0.00,0,0,2,8/15/2025 12:00:00 AM,8/16/2025 11:08:26 PM,,
1,19,1431,36451,CBPF-SSD-25-S-NGO-36451,3748,12 Months,8/14/2026 12:00:00 AM,380000,5300,6680,5760,5300,,4,77,16074,9,6,2,H7436-2783-5296,High,High,530,668,576,530,6243,6822,7461,5715,1060|0|1590|2650|0,1336|0|2004|3340|0,1152|0|1728|2880|0,1060|0|1590|2650|0,4608|0|6912|11520|0,1262||1683|3298|,1310||2141|3371|,1293||1650|4518|,1168||1880|2667|,5033||7354|13854|,297,230,83,46,7600.00,,1000,,0.00,,0,,7600.00,,1000,,1,8/15/2025 12:00:00 AM,8/21/2025 6:08:50 PM,,
1,19,1431,36452,CBPF-SSD-25-S-NGO-36452,3701,12 Months,8/15/2026 12:00:00 AM,131000,167,550,250,400,,4,77,7043,8,6,2,H6818-8602-5877,Medium,Medium,16,55,25,40,167,550,250,404,51|0|15|101|0,165|0|55|330|0,75|0|25|150|0,120|0|40|240|0,411|0|135|821|0,51||15|101|,165||55|330|,75||25|150|,120||44|240|,411||139|821|,7,25,11,18,131000.00,,1367,,13100.00,,1000,,131000.00,,1367,,1,8/16/2025 12:00:00 AM,8/16/2025 11:14:49 PM,,
1,19,1431,36155,CBPF-SSD-25-S-UN-36155,3461,12 Months,8/14/2026 12:00:00 AM,1158494.01,54748,66856,46203,46103,,2,77,6803,9,25,3,H1059-1685-1033,Medium,Low,7200,8640,6480,6480,34739,36100,32400,31060,24200|0|4800|25748|0,28040|0|7016|31800|0,20183|0|4320|21700|0,20183|0|4320|21600|0,92606|0|20456|100848|0,12939||2000|19800|,13000||3100|20000|,12060||1440|18900|,12060||1100|17900|,50059||7640|76600|,3490,3540,2895,2895,0.00,,0,,0.00,,0,,0.00,,0,,1,8/15/2025 12:00:00 AM,9/5/2025 1:59:36 AM,,
1,19,1431,36333,CBPF-SSD-25-S-UN-36333,3464,12 Months,8/14/2026 12:00:00 AM,1400000.01,49576,53707,56984,61733,,3,77,6806,9,25,3,H4390-3804-3558,Medium,Medium,4912,5322,5647,6117,29376,31815,33757,36572,39660|0|4958|4958|0,42965|0|5371|5371|0,45588|0|5698|5698|0,49387|0|6173|6173|0,177600|0|22200|22200|0,23495||2940|2941|,25451||3183|3181|,27007||3375|3375|,29259||3656|3657|,105212||13154|13154|,49,53,56,61,0.00,,0,,0.00,,0,,0.00,,0,,1,8/15/2025 12:00:00 AM,8/21/2025 6:00:25 PM,,
1,19,1431,36468,CBPF-SSD-25-S-UN-36468,3467,"10 Months, 11 Days",6/30/2026 12:00:00 AM,768014.34,11366,42275,5683,21950,,4,77,6809,9,25,3,H4644-8943-0541,Low,Low,1250,4650,625,2415,0,4493,0,2707,8297|0|2273|796|0,30860|0|8455|2960|0,4148|0|1137|398|0,16024|0|4390|1536|0,59329|0|16255|5690|0,0||0|0|,3127||893|473|,0||0|0|,1917||547|243|,5044||1440|716|,0,312,0,191,0.00,,0,,0.00,,0,,284165.31,,23032,,1,8/20/2025 12:00:00 AM,10/7/2025 1:12:15 PM,,
1,19,1431,36581,CBPF-SSD-25-S-UN-36581,3462,9 Months,5/15/2026 12:00:00 AM,1199000,119867,199779,39956,39956,,3,115,6804,8,25,3,H5263-8981-8482,Medium,Medium,1187,1979,396,396,0,0,0,0,29967|0|41953|29967|17980,49945|0|69922|49945|29967,9989|0|13985|9989|5993,9989|0|13985|9989|5993,99890|0|139845|99890|59933,0||0|0|0,0||0|0|0,0||0|0|0,0||0|0|0,0||0|0|0,0,0,0,0,0.00,,0,,0.00,,0,,0.00,,0,,1,8/16/2025 12:00:00 AM,9/16/2025 5:33:55 PM,,
1,19,1431,36655,CBPF-SSD-25-S-UN-36655,3463,12 Months,8/14/2026 12:00:00 AM,500000.01,0,0,3920,4080,,4,77,6805,9,25,3,H7544-6953-4636,Medium,Medium,0,0,392,408,0,0,284,295,0|0|0|0|0,0|0|0|0|0,980|0|588|2352|0,1020|0|612|2448|0,2000|0|1200|4800|0,0||0|0|,0||0|0|,43||170|71|,44||177|74|,87||347|145|,0,0,0,0,0.00,,0,,0.00,,0,,0.00,,0,,1,8/15/2025 12:00:00 AM,9/16/2025 5:30:46 PM,,
1,19,1614,39799,CBPF-SSD-26-R-INGO-39799,3474,9 Months,3/22/2027 12:00:00 AM,700000,14492,17715,19623,18172,,4,77,6816,9,25,3,H5821-0500-8063,Medium,Medium,2401,2499,0,0,,,,,2174|0|8695|3623|0,2657|0|10629|4429|0,2943|0|11774|4906|0,2726|0|10903|4543|0,10500|0|42001|17501|0,,,,,,,,,,0.00,,0,,0.00,,0,,0.00,,70002,,,6/23/2026 12:00:00 AM,6/30/2026 1:33:36 PM,,
1,19,1614,39815,CBPF-SSD-26-R-INGO-39815,3696,9 Months,3/31/2027 12:00:00 AM,649993.76,9181,9516,6574,7641,,4,77,7357,8,6,3,H4190-3455-5644,Medium,Medium,1012,1152,819,888,,,,,4075|0|1021|4085|0,3758|0|1152|4606|0,2477|0|819|3278|0,3202|0|888|3551|0,13512|0|3880|15520|0,,,,,,,,,,0.00,,0,,0.00,,0,,0.00,,0,,,7/1/2026 12:00:00 AM,7/6/2026 4:09:27 PM,,
1,19,1614,39828,CBPF-SSD-26-R-INGO-39828,3654,9 Months,3/22/2027 12:00:00 AM,384999.93,2910,4500,3590,4000,,4,77,16575,8,6,2,H9809-3388-5304,Medium,Medium,155,175,154,150,,,,,2210|0|600|100|0,3500|0|800|200|0,2500|0|600|490|0,3000|0|600|400|0,11210|0|2600|1190|0,,,,,,,,,,0.00,,8500,,0.00,,0,,0.00,,8500,,,6/23/2026 12:00:00 AM,6/30/2026 1:40:38 PM,,
1,19,1566,39251,CBPF-SSD-26-R-INGO-NSFT-39251,3654,6 Months,9/30/2026 12:00:00 AM,2181823.67,6084,7143,6615,6615,,4,77,16575,8,25,2,H4538-9375-4176,Medium,Medium,695,798,741,756,3731,4255,5385,5284,3042|0|1521|1521|0,3571|0|1786|1786|0,3307|0|1654|1654|0,3307|0|1654|1654|0,13227|0|6615|6615|0,1502||1289|940|,1661||1446|1148|,1935||1866|1584|,1756||1689|1839|,6854||6290|5511|,122,230,122,200,0.00,,0,,0.00,,0,,763638.28,,15875,,1,4/1/2026 12:00:00 AM,3/26/2026 11:20:12 PM,25070,
1,19,1566,39252,CBPF-SSD-26-R-INGO-NSFT-39252,3496,6 Months,9/30/2026 12:00:00 AM,1203032,13902,15227,17874,19197,,4,77,6838,9,25,3,H6511-9389-8860,Medium,Medium,696,761,893,960,10486,11486,13482,14481,4171|0|2085|7646|0,4568|0|2284|8375|0,5362|0|2681|9831|0,5759|0|2880|10558|0,19860|0|9930|36410|0,3146||1573|5767|,3446||1723|6317|,4045||2022|7415|,4344||2172|7965|,14981||7490|27464|,524,574,674,724,0.00,,0,,0.00,,0,,0.00,,0,,1,4/1/2026 12:00:00 AM,3/27/2026 1:34:24 AM,1470,
1,19,1566,39254,CBPF-SSD-26-R-INGO-NSFT-39254,3553,6 Months,9/30/2026 12:00:00 AM,1944647.01,11427,21130,23717,24997,,4,77,6895,9,25,4,H1840-4562-1649,Medium,Medium,1714,3170,3558,3750,7259,12620,13957,14705,4913|0|2057|4457|0,9086|0|3803|8241|0,10199|0|4268|9250|0,10749|0|4499|9749|0,34947|0|14627|31697|0,3122||1307|2830|,5429||2269|4922|,6005||2507|5445|,6324||2647|5734|,20880||8730|18931|,1089,1894,2095,2206,0.00,,0,,0.00,,0,,0.00,,0,,1,4/1/2026 12:00:00 AM,4/1/2026 10:09:43 PM,,
1,19,1566,39257,CBPF-SSD-26-R-INGO-NSFT-39257,3510,6 Months,9/30/2026 12:00:00 AM,1904304.52,5722,6228,8346,8346,,4,77,6852,7,6,2,H4261-9030-3125,Medium,Medium,858,932,1252,1252,12337,21090,15564,15021,1138|0|887|3697|0,1232|0|991|4005|0,1669|0|1669|5008|0,1669|0|1669|5008|0,5708|0|5216|17718|0,762||1168|10407|,1972||1971|17147|,1654||1553|12357|,1850||1717|11454|,6238||6409|51365|,570,1071,1277,1151,0.00,,0,,0.00,,0,,449415.87,,6484,,1,4/1/2026 12:00:00 AM,3/27/2026 1:50:49 AM,300,
1,19,1566,39259,CBPF-SSD-26-R-INGO-NSFT-39259,3483,6 Months,9/22/2026 12:00:00 AM,1786931,7310,8540,8507,8650,,4,77,6825,8,6,1,H2625-2249-0664,Medium,Medium,1139,1188,1386,1238,749,1807,604,937,4167|0|2412|731|0,4868|0|2818|854|0,4849|0|2807|851|0,4931|0|2854|865|0,18815|0|10891|3301|0,422||160|167|,1164||250|393|,418||92|94|,701||94|142|,2705||596|796|,24,86,0,22,625425.85,,12590,,0.00,,0,,893465.50,,17986,,1,3/23/2026 12:00:00 AM,3/25/2026 5:45:19 PM,11790,
1,19,1566,39260,CBPF-SSD-26-R-INGO-NSFT-39260,3505,6 Months,9/30/2026 12:00:00 AM,1795769.03,13581,14761,15353,15353,,4,77,6847,8,25,3,H4746-3686-4075,Medium,Medium,455,518,483,522,13332,14811,11406,12080,4754|0|5432|3395|0,5165|0|5905|3691|0,5373|0|6141|3839|0,5373|0|6141|3839|0,20665|0|23619|14764|0,4607||5432|3293|,5195||5905|3711|,3071||6141|2194|,3464||6141|2475|,16337||23619|11673|,455,518,483,522,0.00,,0,,0.00,,0,,0.00,,0,,1,4/1/2026 12:00:00 AM,3/25/2026 5:48:02 PM,11370,
1,19,1566,39261,CBPF-SSD-26-R-INGO-NSFT-39261,3508,6 Months,9/30/2026 12:00:00 AM,1082680.05,8630,9415,10199,10984,,4,77,6850,9,6,3,H1445-1701-9923,Medium,Medium,432,471,510,548,5362,8809,6680,8031,3809|0|3029|1792|0,4156|0|3304|1955|0,4502|0|3579|2118|0,4848|0|3855|2281|0,17315|0|13767|8146|0,2359||1882|1121|,3876||3092|1841|,2940||2344|1396|,3533||2819|1679|,12708||10137|6037|,720,784,848,912,0.00,,0,,0.00,,0,,0.00,,0,,1,4/1/2026 12:00:00 AM,3/26/2026 7:20:38 PM,,
1,19,1566,39265,CBPF-SSD-26-R-INGO-NSFT-39265,3528,6 Months,9/30/2026 12:00:00 AM,2221492.93,6365,12165,19270,20875,,4,77,6870,9,25,3,H5214-2663-7644,Medium,Medium,573,1095,1734,1879,2555,20403,17795,20754,2546|318|955|2546|0,4866|608|1825|4866|0,7708|964|2890|7708|0,8350|1044|3131|8350|0,23470|2934|8801|23470|0,1022|128|383|1022|,8161|1020|3060|8162|,7118|890|2669|7118|,8302|1038|3113|8301|,24603|3076|9225|24603|,230,516,160,173,0.00,,0,,0.00,,0,,0.00,,0,,1,4/1/2026 12:00:00 AM,4/1/2026 9:50:09 PM,,
1,19,1566,39266,CBPF-SSD-26-R-INGO-NSFT-39266,3594,6 Months,9/30/2026 12:00:00 AM,1212378,6468,11034,15123,15467,,4,77,15845,9,25,3,H6493-0177-7534,Medium,Medium,647,1103,1512,1547,2239,15439,3505,3860,1552|0|65|4851|0,2648|0|110|8276|0,3630|0|151|11342|0,3712|0|155|11600|0,11542|0|481|36069|0,537||22|1680|,3718||145|11576|,842||33|2630|,926||39|2895|,6023||239|18781|,246,1706,386,425,0.00,,0,,0.00,,0,,0.00,,0,,1,4/1/2026 12:00:00 AM,3/25/2026 4:09:27 PM,,
1,19,1566,39267,CBPF-SSD-26-R-INGO-NSFT-39267,3523,6 Months,9/30/2026 12:00:00 AM,2361715.21,17097,18787,5904,6221,,4,77,6865,9,25,3,H7604-6748-3654,Medium,Medium,42,46,11,12,11987,14920,8843,10715,0|2146|5006|9945|0,0|2324|5424|11039|0,0|536|1252|4116|0,0|581|1356|4284|0,0|5587|13038|29384|0,|1640|3752|6595|,|2861|4167|7892|,|2047|951|5845|,|2659|1228|6828|,|9207|10098|27160|,33,29,8,13,0.00,,0,,0.00,,0,,0.00,,0,,1,4/1/2026 12:00:00 AM,3/25/2026 5:46:37 PM,,
1,19,1566,39268,CBPF-SSD-26-R-INGO-NSFT-39268,3482,6 Months,9/30/2026 12:00:00 AM,1990163.36,5618,37996,47230,50966,,4,77,7638,7,6,2,H3150-6723-2807,Medium,Medium,562,3800,4723,5097,2359,26349,16960,19159,1064|204|622|3728|0,1598|3082|1819|31497|0,1323|4264|722|40921|0,1769|4521|1013|43663|0,5754|12071|4176|119809|0,42|26|69|2222|,183|27|227|25912|,126|52|87|16695|,144|7|134|18874|,495|112|517|63703|,88,189,31,30,47763.92,,1860,,0.00,,0,,159213.07,,5296,,1,4/1/2026 12:00:00 AM,3/30/2026 9:16:13 PM,90,
1,19,1566,39271,CBPF-SSD-26-R-INGO-NSFT-39271,4015,6 Months,9/22/2026 12:00:00 AM,1402033.01,10668,14731,12191,13208,,3,77,7359,9,25,3,H7727-5005-6216,Medium,Medium,213,295,244,264,6020,8314,6880,7453,2134|0|3093|2774|2667,2946|0|4272|3830|3683,2438|0|3535|3170|3048,2642|0|3830|3434|3302,10160|0|14730|13208|12700,1204||1746|1565|1505,1663||2411|2162|2078,1376||1995|1789|1720,1491||2161|1938|1863,5734||8313|7454|7166,120,166,138,149,0.00,,0,,0.00,,0,,0.00,,0,,1,3/23/2026 12:00:00 AM,3/25/2026 4:04:01 PM,,
1,19,1566,39279,CBPF-SSD-26-R-INGO-NSFT-39279,3543,6 Months,9/30/2026 12:00:00 AM,1862677,6321,10676,9230,10873,,4,77,6885,9,25,3,H3894-6590-0194,Medium,Medium,455,787,665,454,4186,9236,7315,7501,3350|0|379|2592|0,5658|0|641|4377|0,4892|0|553|3785|0,5763|0|652|4458|0,19663|0|2225|15212|0,2191||320|1675|,4879||664|3693|,3845||543|2927|,3936||552|3013|,14851||2079|11308|,304,801,610,606,0.00,,0,,0.00,,0,,0.00,,0,,1,4/1/2026 12:00:00 AM,3/27/2026 3:17:28 PM,3808,
1,19,1583,39530,CBPF-SSD-26-R-NGO-39530,3738,9 Months,1/6/2027 12:00:00 AM,300000,7500,12500,13500,16500,,4,77,7080,9,25,2,H8518-9159-7380,Medium,Medium,1125,1875,2025,2475,,,,,3375|0|1500|2625|0,5625|0|2500|4375|0,6075|0|2700|4725|0,7425|0|3300|5775|0,22500|0|10000|17500|0,,,,,,,,,,0.00,,0,,0.00,,0,,0.00,,0,,,4/7/2026 12:00:00 AM,4/20/2026 3:03:28 PM,,
1,19,1583,39531,CBPF-SSD-26-R-NGO-39531,3562,6 Months 20 Days,10/31/2026 12:00:00 AM,450000,11524,15036,12501,13439,,4,77,6904,8,6,2,H2849-4466-5444,Medium,Medium,4,5,4,7,,,,,5491|0|3153|2880|0,7225|0|3540|4271|0,6307|0|2787|3407|0,6427|0|3501|3511|0,25450|0|12981|14069|0,,,,,,,,,,0.00,,0,,0.00,,0,,0.00,,0,,,4/12/2026 12:00:00 AM,4/20/2026 5:37:23 PM,,
1,19,1583,39533,CBPF-SSD-26-R-NGO-39533,3552,6 Months,10/14/2026 12:00:00 AM,150000,500,7127,12335,17538,,4,77,6894,8,25,3,H5493-5244-2552,Medium,Medium,75,1069,1875,2631,,,,,200|0|100|150|50,3187|0|500|2440|1000,4789|0|1990|3856|1700,6876|0|3800|5284|1578,15052|0|6390|11730|4328,,,,,,,,,,0.00,,0,,0.00,,0,,0.00,,0,,,4/15/2026 12:00:00 AM,4/20/2026 5:38:32 PM,,
1,19,1583,39534,CBPF-SSD-26-R-NGO-39534,3640,6 Months,10/6/2026 12:00:00 AM,600000,2250,8250,2250,2250,,4,77,6982,9,25,3,H9878-6859-9139,High,Medium,0,0,0,0,,,,,2250|0|0|0|0,8250|0|0|0|0,2250|0|0|0|0,2250|0|0|0|0,15000|0|0|0|0,,,,,,,,,,0.00,,0,,0.00,,0,,600000.00,,15000,,,4/7/2026 12:00:00 AM,4/22/2026 6:50:04 PM,2000,
1,19,1614,39793,CBPF-SSD-26-R-NGO-39793,3552,6 Months,12/23/2026 12:00:00 AM,950000,810,8940,9780,10870,,4,77,6894,8,25,3,H5493-5244-2552,Medium,Medium,122,1341,1466,1631,,,,,360|0|150|300|0,4500|0|120|4320|0,5382|0|510|3888|0,5778|0|540|4552|0,16020|0|1320|13060|0,,,,,,,,,,0.00,,0,,0.00,,0,,0.00,,0,,,6/24/2026 12:00:00 AM,6/30/2026 1:26:23 PM,,
1,19,1614,39794,CBPF-SSD-26-R-NGO-39794,3552,6 Months,12/24/2026 12:00:00 AM,300000,270,2980,3060,3290,,4,77,6894,9,25,3,H5493-5244-2552,Medium,Medium,41,447,459,494,,,,,120|0|50|100|0,1500|0|40|1440|0,1694|0|170|1196|0,1826|0|180|1284|0,5140|0|440|4020|0,,,,,,,,,,0.00,,0,,0.00,,0,,0.00,,0,,,6/25/2026 12:00:00 AM,6/30/2026 1:31:58 PM,,
1,19,1614,39795,CBPF-SSD-26-R-NGO-39795,4023,9 Months 9 Days,3/31/2027 12:00:00 AM,265000,3140,4060,1950,2850,,4,77,7367,9,25,3,H5988-7467-2299,Medium,Medium,142,235,180,116,,,,,800|0|1760|580|0,1800|0|1560|700|0,800|0|750|400|0,1500|0|750|600|0,4900|0|4820|2280|0,,,,,,,,,,0.00,,0,,0.00,,0,,0.00,,0,,,6/23/2026 12:00:00 AM,6/30/2026 1:35:02 PM,,
1,19,1614,39796,CBPF-SSD-26-R-NGO-39796,3562,12 Months 14 Days,7/14/2027 12:00:00 AM,1175000,9387,17915,11404,12364,,4,77,6904,8,6,2,H2849-4466-5444,Medium,Medium,202,227,190,197,,,,,2815|0|1878|4694|0,5375|0|3583|8957|0,3421|0|2280|5703|0,3710|0|2473|6181|0,15321|0|10214|25535|0,,,,,,,,,,0.00,,20,,0.00,,0,,0.00,,0,,,7/1/2026 12:00:00 AM,7/2/2026 2:43:11 PM,,
1,19,1614,39797,CBPF-SSD-26-R-NGO-39797,3738,12 Months 10 Days,7/4/2027 12:00:00 AM,1390000,7200,12000,12960,15840,,4,77,7080,9,25,3,H2963-8729-1265,Medium,Medium,1080,1800,1944,2376,,,,,3240|0|1440|2520|0,5400|0|2400|4200|0,5832|0|2592|4536|0,7128|0|3168|5544|0,21600|0|9600|16800|0,,,,,,,,,,0.00,,0,,0.00,,0,,0.00,,0,,,6/25/2026 12:00:00 AM,7/2/2026 2:40:45 PM,,
1,19,1614,39798,CBPF-SSD-26-R-NGO-39798,3738,12 Months 10 Days,7/4/2027 12:00:00 AM,1460000,7800,13000,14040,17160,,4,77,7080,9,25,3,H4552-3085-9209,Medium,Medium,1170,1950,2106,2574,,,,,3510|0|1560|2730|0,5850|0|2600|4550|0,6318|0|2808|4914|0,7722|0|3432|6006|0,23400|0|10400|18200|0,,,,,,,,,,0.00,,0,,0.00,,0,,0.00,,0,,,6/25/2026 12:00:00 AM,6/30/2026 1:29:51 PM,,
1,19,1614,39926,CBPF-SSD-26-R-NGO-39926,3562,7 Months,1/31/2027 12:00:00 AM,800000,6538,7456,6124,6512,,4,77,6904,8,6,2,H2849-4466-5444,Medium,Medium,998,1117,917,958,,,,,1961|0|1308|3269|0,2237|0|1491|3728|0,1837|0|1225|3062|0,1954|0|1302|3256|0,7989|0|5326|13315|0,,,,,,,,,,0.00,,0,,0.00,,0,,0.00,,0,,,7/1/2026 12:00:00 AM,7/2/2026 2:42:05 PM,,
1,19,1566,39246,CBPF-SSD-26-R-NGO-NSFT-39246,3728,6 Months,9/30/2026 12:00:00 AM,2130640.92,4273,9946,7093,7093,,4,77,7070,9,25,2,H6922-4921-8096,Medium,Medium,200,200,200,200,2620,8964,4070,8225,2545|0|0|1728|0,5966|0|0|3980|0,4256|0|0|2837|0,4256|0|0|2837|0,17023|0|0|11382|0,1577|||1043|,5229|||3735|,2266|||1804|,5011|||3214|,14083|||9796|,20,24,18,18,0.00,,0,,0.00,,0,,1065320.46,,16457,,1,4/1/2026 12:00:00 AM,3/25/2026 4:02:45 PM,4900,
1,19,1566,39262,CBPF-SSD-26-R-NGO-NSFT-39262,3738,6 Months,9/30/2026 12:00:00 AM,2534404,11250,18750,20250,24749,,2,77,7080,9,25,3,H4813-3651-7828,Medium,Medium,562,937,1013,1238,8595,14325,15471,18909,5063|0|2250|3937|0,8437|0|3750|6563|0,9113|0|4050|7087|0,11137|0|4950|8662|0,33750|0|15000|26249|0,3868||1719|3008|,6446||2865|5014|,6962||3094|5415|,8509||3782|6618|,25785||11460|20055|,511,712,761,1001,0.00,,0,,0.00,,0,,0.00,,0,,1,4/1/2026 12:00:00 AM,3/25/2026 5:44:03 PM,,
1,19,1566,39292,CBPF-SSD-26-R-NGO-NSFT-39292,11112,6 Months,9/30/2026 12:00:00 AM,1365448.4,8341,9342,7675,8007,,4,77,16036,9,6,2,H9580-6970-5391,Medium,Medium,833,934,767,799,3669,5997,5482,5056,5005|0|0|3336|0,5605|0|0|3737|0,4605|0|0|3070|0,4804|0|0|3203|0,20019|0|0|13346|0,2161|||1508|,3144|||2853|,3217|||2265|,2952|||2104|,11474|||8730|,357,417,335,429,320880.38,,11500,,0.00,,0,,1010431.82,,20580,,1,4/1/2026 12:00:00 AM,3/25/2026 4:05:27 PM,2000,
1,19,1582,39544,CBPF-SSD-26-R-UN-39544,3461,6 Months,10/14/2026 12:00:00 AM,2999956.79,54465,57283,53620,59815,,2,77,6803,9,25,3,H1059-1685-1033,Low,Low,8174,8583,8036,8985,,,,,34629|0|0|19836|0,36427|0|0|20856|0,31506|0|0|22114|0,38026|0|0|21789|0,140588|0|0|84595|0,,,,,,,,,,0.00,,0,,0.00,,0,,0.00,,0,,,4/15/2026 12:00:00 AM,4/22/2026 6:47:56 PM,,
1,19,1582,39547,CBPF-SSD-26-R-UN-39547,3467,6 Months,10/15/2026 12:00:00 AM,1000000,9973,31164,4986,16205,,4,77,6809,9,25,3,H4644-8943-0541,Low,Low,898,2805,449,1458,,,,,7280|0|1995|698|0,22750|0|6233|2181|0,3640|0|997|349|0,11830|0|3241|1134|0,45500|0|12466|4362|0,,,,,,,,,,0.00,,0,,0.00,,0,,0.00,,0,,,4/16/2026 12:00:00 AM,4/22/2026 6:44:34 PM,,
1,19,1566,39248,CBPF-SSD-26-R-UN-NSFT-39248,3465,6 Months,9/30/2026 12:00:00 AM,32702940.02,47886,76462,134729,153687,,4,77,6807,9,25,3,H8808-9604-3325,Medium,Medium,7182,11469,20209,23052,46436,57152,117879,135739,0|0|0|47886|0,0|0|0|76462|0,0|0|0|134729|0,0|0|0|153687|0,0|0|0|412764|0,|||46436|,|||57152|,|||117879|,|||135739|,|||357206|,6965,10446,19408,22032,0.00,,0,,0.00,,0,,0.00,,0,,1,4/1/2026 12:00:00 AM,3/26/2026 6:48:56 PM,368356,
1,19,1566,39255,CBPF-SSD-26-R-UN-NSFT-39255,3463,6 Months,9/30/2026 12:00:00 AM,10983552.07,15067,36354,342031,374374,,4,77,6805,9,5,2,H6605-6897-2562,Medium,Medium,1800,5453,48411,53144,10891,95077,24532,31200,4134|1307|1497|8129|0,10236|2459|4753|18906|0,91901|37845|51057|161228|0,101426|39916|55581|177451|0,207697|81527|112888|365714|0,2941|1200|1634|5116|,25673|10461|14260|44683|,6624|2701|3678|11529|,8423|3437|4677|14663|,43661|17799|24249|75991|,1634,14260,3678,4678,1449828.88,,30885,,0.00,,0,,2416381.46,,52265,,1,4/1/2026 12:00:00 AM,4/9/2026 9:44:52 AM,,
1,19,1566,39256,CBPF-SSD-26-R-UN-NSFT-39256,3464,6 Months,9/30/2026 12:00:00 AM,11501750,127537,138848,144977,157608,,0,77,6806,9,25,3,H4501-2666-3090,Medium,Medium,1275,589,1441,1376,72843,71608,79237,78726,98119|0|17153|12265|0,106295|0|19264|13289|0,112789|0|18094|14094|0,122177|0|20160|15271|0,439380|0|74671|54919|0,55805||10064|6974|,54605||10176|6827|,60548||11122|7567|,59905||11335|7486|,230863||42697|28854|,127,138,144,157,0.00,,0,,0.00,,0,,920140.00,,19752,,1,4/1/2026 12:00:00 AM,4/2/2026 4:12:36 PM,8562,
1,19,1566,39300,CBPF-SSD-26-R-UN-NSFT-39300,3460,6 Months,9/30/2026 12:00:00 AM,12059502,20134,30854,20838,20695,,4,77,6802,8,25,2,H2231-1098-3227,Low,Low,1007,1543,1042,1035,6567,10666,9211,10021,8366|11768|0|0|0,14856|15998|0|0|0,9324|11514|0|0|0,8265|12430|0|0|0,40811|51710|0|0|0,0|6567|||,0|10666|||,0|9211|||,0|10021|||,0|36465|||,194,255,272,239,1465229.49,,0,,0.00,,0,,8441651.40,,45186,,1,4/1/2026 12:00:00 AM,3/31/2026 12:27:58 PM,10850,
1,19,1566,39320,CBPF-SSD-26-R-UN-NSFT-39320,3501,6 Months,9/30/2026 12:00:00 AM,971999.99,3940,4127,6378,5306,,4,77,6843,9,25,3,H6694-2516-8384,Low,Low,591,619,957,786,141,383,171,167,27|0|10|3903|0,29|0|10|4088|0,44|0|15|6319|0,36|0|11|5259|0,136|0|46|19569|0,0||25|116|,0||288|95|,0||59|112|,0||48|119|,0||420|442|,13,9,4,1,0.00,,0,,0.00,,0,,971999.99,,19751,,1,4/1/2026 12:00:00 AM,4/4/2026 3:31:17 PM,,
