title,date,source,url
"WHO South Sudan - Voices from the field: Issue #22, October 2026",2026-10-08T00:18:05+00:00,World Health Organization,https://reliefweb.int/node/4233100
"2026 - 2027 El Niño: Special Report (October 2, 2026 )",2026-10-07T23:16:05+00:00,Famine Early Warning System Network,https://reliefweb.int/node/4233095
WFP South Sudan Country Brief September 2026,2026-10-06T12:39:14+00:00,World Food Programme,https://reliefweb.int/node/4232839
UNHAS South Sudan September Report,2026-10-06T11:38:08+00:00,World Food Programme,https://reliefweb.int/node/4232856
"Managing Severe Acute Malnutrition in South Sudan: Stabilization Center Performance, January–June 2026",2026-10-06T00:12:17+00:00,World Health Organization,https://reliefweb.int/node/4232743
South Sudan Health Cluster Dashboard (August 2026),2026-10-05T16:53:42+00:00,"Health Cluster, World Health Organization",https://reliefweb.int/node/4232690
"South Sudan Health Cluster Bulletin, August September 2026",2026-10-05T16:50:00+00:00,"Health Cluster, World Health Organization",https://reliefweb.int/node/4232689
WFP Condemns Security Incident and Obstruction of Humanitarian Aid in Jonglei State,2026-10-05T14:55:38+00:00,World Food Programme,https://reliefweb.int/node/4232668
"South Sudan - Key Message Update: Conflict, drought, and poor economy to drive Emergency and risk of Famine, September 2026 - January 2027",2026-10-04T23:55:54+00:00,Famine Early Warning System Network,https://reliefweb.int/node/4232533
South Sudan Humanitarian Update (as of 30 September 2026),2026-10-02T17:41:56+00:00,UN Office for the Coordination of Humanitarian Affairs,https://reliefweb.int/node/4232453
République Centrafricaine : Statistiques des Réfugiés et Demandeurs d’Asile (Au 31 aout 2026),2026-10-02T16:03:10+00:00,UN High Commissioner for Refugees,https://reliefweb.int/node/4232447
IOM: Multi-Country Bundibugyo Ebola Virus Disease Outbreak - Situation Report No. 20 (21 - 27 September 2026),2026-10-02T15:03:17+00:00,International Organization for Migration,https://reliefweb.int/node/4232438
Uganda - Refugee Statistics September 2026,2026-10-02T10:03:55+00:00,UN High Commissioner for Refugees,https://reliefweb.int/node/4232361
Uganda - Refugee Statistics September 2026 - Settlement Profiles,2026-10-02T10:03:45+00:00,UN High Commissioner for Refugees,https://reliefweb.int/node/4232360
Middle East escalation could leave 11.7 million more women and girls facing food insecurity by end-2026,2026-10-02T08:03:17+00:00,UN Women,https://reliefweb.int/node/4232340
UN releases $160 million to save lives in 12 underfunded humanitarian crises,2026-10-02T01:16:33+00:00,UN Office for the Coordination of Humanitarian Affairs,https://reliefweb.int/node/4232320
South Sudan Joint Market Monitoring Initiative (JMMI) 1- 11 September 2026,2026-10-01T03:20:55+00:00,REACH Initiative,https://reliefweb.int/node/4232120
"Atrocity Alert No. 496: Ethiopia, South Sudan and Central African Republic",2026-09-30T16:03:09+00:00,Global Centre for the Responsibility to Protect,https://reliefweb.int/node/4232058
Ethiopia: UNHCR Operational Overview | August 2026,2026-09-30T13:03:55+00:00,UN High Commissioner for Refugees,https://reliefweb.int/node/4232030
UNHCR Ethiopia | Refugees and Asylum-Seekers | August 2026,2026-09-30T13:03:43+00:00,UN High Commissioner for Refugees,https://reliefweb.int/node/4232029
UNHCR Ethiopia | Registered Refugee Population by Location | August 2026,2026-09-30T13:03:32+00:00,UN High Commissioner for Refugees,https://reliefweb.int/node/4232028
Ethiopia Refugees and Internally Displaced Persons (As of 31 August 2026),2026-09-30T13:03:21+00:00,UN High Commissioner for Refugees,https://reliefweb.int/node/4232026
CORE Sudan: Sudanese Returns from Abroad - 15 September 2026,2026-09-30T13:03:10+00:00,UN High Commissioner for Refugees,https://reliefweb.int/node/4232025
Bringing Health Services Closer to Communities: The Contribution of the Boma Health Initiative to Primary Health Care Delivery,2026-09-30T12:50:38+00:00,World Health Organization,https://reliefweb.int/node/4232021
"WHO reports latest global trends in cholera, meningitis and plague",2026-09-29T13:51:16+00:00,World Health Organization,https://reliefweb.int/node/4231852
South Sudan - Renk County Area-Based Durable Solution Strategy [AR],2026-09-29T13:03:19+00:00,UN High Commissioner for Refugees,https://reliefweb.int/node/4231836
Graduation into what? The refugee journey into self-reliance. A comparative study from Kyangwali refugee settlement in Uganda,2026-09-29T09:34:28+00:00,"Uganda Learning, Evidence, Accountability, and Research Network",https://reliefweb.int/node/4231798
South Sudan — Ebola Preparedness Flow Monitoring Survey — Round 2 (01 – 31 August 2026),2026-09-28T13:33:52+00:00,International Organization for Migration,https://reliefweb.int/node/4231689
Protection from Violence Case Study | NRC,2026-09-28T13:03:06+00:00,Norwegian Refugee Council,https://reliefweb.int/node/4231668
IOM: Multi-Country Bundibugyo Ebola Virus Disease Outbreak - Situation Report No. 19 (14 - 20 September 2026),2026-09-25T15:03:15+00:00,International Organization for Migration,https://reliefweb.int/node/4231505
Adut’s story: Pathway to recovery at the Majokyinthio Reception Centre,2026-09-25T14:03:07+00:00,Agency for Technical Cooperation and Development,https://reliefweb.int/node/4231494
South Sudan Nutrition Cluster Coordination Mapping - Sept 2026,2026-09-25T13:22:37+00:00,"Nutrition Cluster, UN Children's Fund",https://reliefweb.int/node/4231486
South Sudan Subnational Cluster,2026-09-25T13:11:52+00:00,"Nutrition Cluster, UN Children's Fund",https://reliefweb.int/node/4231482
Restoring dignity and stability for families after displacement in Nyinthio,2026-09-25T11:33:07+00:00,Agency for Technical Cooperation and Development,https://reliefweb.int/node/4231455
Regional Dashboard RBESA: Refugees and asylum-seekers by country of asylum as of 31 August 2026,2026-09-25T11:05:07+00:00,UN High Commissioner for Refugees,https://reliefweb.int/node/4231452
"Regional Dashboard RBESA: Refugees, asylum-seekers, returnees and IDPs - 31 August 2026",2026-09-25T11:04:57+00:00,UN High Commissioner for Refugees,https://reliefweb.int/node/4231451
Regional Dashboard RBESA: IDPs Dashboard - 31 August 2026,2026-09-25T11:04:45+00:00,UN High Commissioner for Refugees,https://reliefweb.int/node/4231450
RBESA Ethiopia Situation: Population of Concern to UNHCR - 31 August 2026,2026-09-25T11:04:35+00:00,UN High Commissioner for Refugees,https://reliefweb.int/node/4231449
RBESA IGAD region: Persons of Concern to UNHCR - 31 August 2026,2026-09-25T11:04:24+00:00,UN High Commissioner for Refugees,https://reliefweb.int/node/4231448
RBESA EAC Region: Population of Concern to UNHCR - 31 August 2026,2026-09-25T11:03:56+00:00,UN High Commissioner for Refugees,https://reliefweb.int/node/4231445
South Sudan Situation: Population of Concern to UNHCR - 31 August 2026,2026-09-25T11:03:32+00:00,UN High Commissioner for Refugees,https://reliefweb.int/node/4231443
Sudan Emergency: Population movements from Sudan - 21 September 2026,2026-09-25T11:03:11+00:00,UN High Commissioner for Refugees,https://reliefweb.int/node/4231441
"South Sudan — Population Mobility Mapping (PMM) Report for Mobility Related Public Health Emergency Preparedness — Juba County, South Sudan (June 2026)",2026-09-25T10:04:06+00:00,International Organization for Migration,https://reliefweb.int/node/4231429
The Health Workforce Gap: A Barrier to Universal Health Coverage in South Sudan,2026-09-25T01:20:25+00:00,World Health Organization,https://reliefweb.int/node/4231385
Soudan du Sud : des services vitaux sous pression,2026-09-25T00:04:56+00:00,International Committee of the Red Cross,https://reliefweb.int/node/4231364
"South Sudan: Rapid Drought Impact Assessment in Lafon County, Eastern Equatoria (September 2026)",2026-09-24T02:37:49+00:00,REACH Initiative,https://reliefweb.int/node/4231198
"WHO Weekly Situation Update on Ongoing Health Emergency Events in South Sudan - Week #38, Date: 14–20 Sep 2026",2026-09-24T00:51:11+00:00,World Health Organization,https://reliefweb.int/node/4231175
UNHCR Ethiopia | WASH Factsheet I January - June 2026,2026-09-23T08:03:36+00:00,UN High Commissioner for Refugees,https://reliefweb.int/node/4231052
"Mr. Tom Fletcher, Under-Secretary-General for Humanitarian Affairs and Emergency Relief Coordinator – Remarks on the Humanitarian Diplomacy that Safeguards International Humanitarian Law, 21 September 2026",2026-09-22T12:40:03+00:00,UN Office for the Coordination of Humanitarian Affairs,https://reliefweb.int/node/4230907
"South Sudan: PAH Rapid Assessment report in AKOBO, NASIR, and CANAL/PIGI (July 2026)",2026-09-22T09:34:12+00:00,Polish Humanitarian Action - Polska Akcja Humanitarna,https://reliefweb.int/node/4230865
